Point,Country,1960,1961,1962,1963,1964,1965,1966,1967,1968,1969,1970,1971,1972,1973,1974,1975,1976,1977,1978,1979,1980,1981,1982,1983,1984,1985,1986,1987,1988,1989,1990,1991,1992,1993,1994,1995,1996,1997,1998,1999,2000,2001,2002,2003,2004,2005,2006,2007,2008,2009,2010
1,Afghanistan,537777811.9,548888894.6,546666678,751111190.8,800000045.5,1006666638,1399999966,1673333419,1373333367,1408888923,1748886596,1831108972,1595555476,1733333265,2155555499,2366666615,2555555567,2953333419,3300000108,3697940345,3641723447,3478787910,0,0,0,0,0,0,0,0,0,0,0,0,0,0,0,0,0,0,0,2461666315,4338907579,4766127272,5704202651,6814753581,7721931671,9739337183,11757405533,0,0
2,Albania,0,0,0,0,0,0,0,0,0,0,0,0,0,0,0,0,0,0,0,0,0,0,0,0,1924242456,1965384581,2173750016,2156624896,2126000000,2335124992,2101624960,1139166679,709452572.7,1228071037,1985673026,2424498953,3013217853,2196223714,2727745453,3434402453,3686649387,4091020249,4449373456,5652325082,7464446950,8376483740,9132562332,10704660840,12968653525,12044881925,11786099138
3,Algeria,2723637620,2434766866,2001460839,2703004010,2909340115,3136284385,3039859268,3370870461,3852147113,4257253358,4863487557,5077222330,6761786484,8715106129,13209713770,15557934473,17728348385,20971901063,26364491675,33243421339,42345276288,44348670724,45207090668,48801372228,53698280323,57937867717,63696299985,66742269090,59089065517,55631488294,62045098370,45715368144,48003297249,49946456681,42542573602,41764054035,46941496308,48177861891,48187780126,48640613515,54790058957,55180990396,57053038888,68018606041,85013944728,1.02E+11,1.17E+11,1.36E+11,1.71E+11,1.41E+11,1.59E+11
4,American Samoa,0,0,0,0,0,0,0,0,0,0,0,0,0,0,0,0,0,0,0,0,0,0,0,0,0,0,0,0,0,0,0,0,0,0,0,0,0,0,0,0,0,0,0,0,0,0,0,0,0,0,0
5,Andorra,0,0,0,0,0,0,0,0,0,0,78617570.32,89406659.51,113414331.9,150841699.1,186557164,220112850.8,227284165.9,253998069.1,308020384.4,411548246.8,446377494.9,388983013.9,375914742.9,327849949,330073024.9,346742901.7,481996232.9,611300198.5,721426027.5,795489398,1028989439,1106890943,1209992604,1007090896,1017544619,1178745262,1224023470,1180646037,1211953954,1239840266,1133644295,1264760246,1456198796,1917948475,2322163502,2539759286,2823503853,3245411584,3712034267,0,0
6,Angola,0,0,0,0,0,0,0,0,0,0,0,0,0,0,0,0,0,0,0,0,0,0,0,0,0,6804278063,6355849179,7383121654,7975234067,9283054576,10260193361,12193746625,5779394292,5285600050,4059577145,5039534776,7526446606,7675412589,6445192204,6154480287,9129180361,8936023212,11431738445,13956268299,19775218958,30632364954,45163239832,60451594399,84178512502,75492890278,84390572977
7,Antigua and Barbuda,0,0,0,0,0,0,0,0,0,0,0,0,0,0,0,0,0,66144443.28,74855554.23,92240739.11,110066664.7,124462954.8,137951855.3,153270373.6,173511108,201862965.3,245896292,286474069,338696290.3,373403703,391570363.5,410388899.4,423762955.5,456537023,500088880.1,494185188.3,541074082.3,579851829.8,620037014.2,651851840.3,664174062.3,696251839.6,713533320.7,753107394.1,815396281.9,866818503.2,1010881464,1155366646,1203314815,1097688889,1014981481
8,Argentina,0,0,0,0,0,28344705968,28630474726,24256667555,26436857248,31256284545,31584210365,33293199095,34733000536,52544000117,72436777342,52438647922,51169499891,56781000101,58082870156,69252328953,76961923742,78676842366,84307486837,1.04E+11,79092001998,88416668900,1.11E+11,1.11E+11,1.26E+11,76636898036,1.41E+11,1.9E+11,2.29E+11,2.37E+11,2.57E+11,2.58E+11,2.72E+11,2.93E+11,2.99E+11,2.84E+11,2.84E+11,2.69E+11,1.02E+11,1.3E+11,1.53E+11,1.83E+11,2.14E+11,2.61E+11,3.27E+11,3.07E+11,3.69E+11
9,Armenia,0,0,0,0,0,0,0,0,0,0,0,0,0,0,0,0,0,0,0,0,0,0,0,0,0,0,0,0,0,0,2256838858,2068526522,1272577522,1201313196,1315158670,1468317350,1596968913,1639492424,1893726437,1845482181,1911563665,2118467913,2376335048,2807061009,3576615240,4900436759,6384457744,9206277479,11662017845,8541111815,9264794733
10,Aruba,0,0,0,0,0,0,0,0,0,0,0,0,0,0,0,0,0,0,0,0,0,0,0,0,0,0,0,0,0,0,0,872067021.9,958659238.3,1083240282,1245810154,1320670419,1379888369,1531843680,1665363128,1722905065,1858659293,1898882758,1911173189,0,0,0,0,0,0,0,0
11,Australia,0,0,0,0,0,26130585732,27465561653,30603651025,32905140553,36892149177,41571284578,45487736589,52358644860,64224215247,89473839352,97839683190,1.06E+11,1.11E+11,1.19E+11,1.36E+11,1.51E+11,1.78E+11,1.95E+11,1.78E+11,1.95E+11,1.82E+11,1.83E+11,1.9E+11,2.39E+11,3.02E+11,3.15E+11,3.3E+11,3.29E+11,3.16E+11,3.27E+11,3.71E+11,4.04E+11,4.38E+11,4.01E+11,3.9E+11,4.17E+11,3.8E+11,3.97E+11,4.68E+11,6.15E+11,6.96E+11,7.49E+11,8.57E+11,1.04E+12,9.25E+11,0
12,Austria,6592693841,7311749633,7756110210,8374175258,9169983886,9994070616,10887682273,11579431669,12440625313,13582798556,15261259809,17728673081,21899261664,29300920838,34933509938,39768017476,42647701158,51144915494,61554742727,73407497684,81467464369,70500215137,70682448980,71496768040,67403442679,68781084730,98203625056,1.23E+11,1.32E+11,1.32E+11,1.65E+11,1.72E+11,1.93E+11,1.88E+11,2.01E+11,2.38E+11,2.34E+11,2.07E+11,2.12E+11,2.11E+11,1.91E+11,1.9E+11,2.06E+11,2.52E+11,2.89E+11,3.03E+11,3.22E+11,3.72E+11,4.15E+11,3.81E+11,3.76E+11
13,Azerbaijan,0,0,0,0,0,0,0,0,0,0,0,0,0,0,0,0,0,0,0,0,0,0,0,0,0,0,0,0,0,0,8858006036,8792365811,4991350458,3973027397,3313739674,3052467522,3176749593,3962710163,4446396218,4581222442,5272617196,5707618247,6236024951,7275766111,8680511918,13245421881,20982270733,33049380918,46258154820,43019407813,51092154421
14,Bahamas; The,169802257.8,190096176.6,212252822.2,237742768.5,266664053.7,300392162.5,340000006.4,390196085.7,444901969.1,528137296.2,538423199.5,573400000,590899968,670899968,632400000,596200000,642099968,713000000,832400000,1139800064,1335299968,1426499968,1578300032,1732800000,2041100032,2320699904,2472499968,2713999872,2817900032,3062000000,3166000000,3111160000,3109000000,3092000000,3259000000,3429000000,3609000000,4204761925,4714138319,5150088040,5528200495,5658890129,5912310096,5942440640,6031700548,6508774909,6875630000,7233960000,7297903886,7077192101,7538000000
15,Bahrain,0,0,0,0,0,0,0,0,0,0,0,0,0,0,0,0,0,0,0,0,3072698346,3467819353,3645744806,3735106511,3905585155,3651861912,3052393636,3392021223,3702393659,3863564047,4229787379,4616223477,4751063992,5200266050,5567553552,5849468115,6101861656,6349202600,6183941092,6621186419,7970690894,7928934210,8491183201,9747599583,11235671061,13460198290,15854942951,18473097689,21902892584,20594899946,0
16,Bangladesh,4274893910,4817580182,5081413345,5319458349,5386054613,5906636554,6439687606,7253575403,7483685483,8471006092,8992721807,8751842837,6288245866,8067027104,12459282561,19395903916,10083163547,9632469659,13299358553,15585961410,18114645161,19762945710,18087000000,17155798869,19670160944,21613230769,21160234384,23781404932,25638749373,26825240347,30128776344,30957444767,31708863730,33166530060,33768661427,37939752960,40666015641,42318798538,44091754148,45694072379,47124925462,46987842847,47571130071,51913661485,56560744012,60277560976,61901116736,68415421373,79554350678,89359767442,1E+11
17,Barbados,87383113.71,93216432.38,96949756.33,109083059.2,108383060.9,114683045.1,123608022.7,137103729.9,137300000,154400000,181500000,204010328.9,233383640,284759098.1,340492903.7,402158285.8,435871861.9,495116619.3,552876225.3,670312672.3,860438453.3,946949724.9,989409791.7,1050464828,1144931026,1198180246,1315567053,1448665028,1540893883,1703922715,1710435931,1687167462,1588499968,1641226964,1726942730,1859145793,1982896516,2192363133,2364540277,2468403493,2558850048,2554187134,2476105824,2694879718,2824000000,3005000000,3190900000,3409200000,3670215313,3595210913,3203000000
18,Belarus,0,0,0,0,0,0,0,0,0,0,0,0,0,0,0,0,0,0,0,0,0,0,0,0,0,0,0,0,0,0,17369598958,17813389815,17022180272,16280372553,14931599418,13972637603,14756861538,14128412417,15222014828,12138485329,12736856485,12354820144,14594925393,17825436035,23141587718,30210091837,36961918859,45275711996,60763483146,49271267252,54713128376
19,Belgium,11658722591,12400145222,13264015676,14260017388,15960106681,17371457609,18651883473,19992040789,21376353114,23710735896,26346106874,29419565365,36707709880,47100054657,55277564147,64792626094,70155029185,81722945222,99881382362,1.15E+11,1.25E+11,1.03E+11,90854164224,86008702327,82225698269,85105078538,1.18E+11,1.47E+11,1.6E+11,1.62E+11,2.03E+11,2.08E+11,2.32E+11,2.22E+11,2.42E+11,2.84E+11,2.75E+11,2.49E+11,2.55E+11,2.54E+11,2.32E+11,2.32E+11,2.52E+11,3.11E+11,3.61E+11,3.77E+11,3.99E+11,4.59E+11,5.05E+11,4.71E+11,4.67E+11
20,Belize,28072504.98,29965035.39,31857563,33750090.61,36194610.8,40069931.54,44405596.03,47379308.79,44910180.79,47305390.44,53233534.3,59207317.59,66062499.02,78343558.51,103216372,118066302.1,96905828.77,117650000,136300000,151800000,194750000,192900000,179250000,189000000,210900000,209150000,227850000,276550016,314900000,363150016,413049984,444720726.5,518143678.5,559759653.3,580760211.3,620031771.9,641271333.4,654198121.1,688872472.7,732607993.8,832072464.7,871840755.4,932676403.2,988199088.3,1056303706,1114874608,1213104430,1276751656,1358700000,1351500000,1431500000
21,Benin,226195665,235668323.7,236435009.1,253927753.7,269819098.9,287807536.1,301487528.6,305168668.5,327267886.4,331067368.7,332057719.9,332928662,410035135.3,504804547,555126877.7,676847693.8,698322044.3,750079359.5,928908759.4,1186240181,1405115857,1291127040,1267725655,1095336784,1051126009,1045719663,1336124851,1562394310,1620236362,1502286360,1845041494,1877810375,1624296267,2106272068,1496845630,2009226254,2208067090,2156753028,2334564287,2387363924,2254838685,2371785987,2807357351,3557983482,4047438049,4287463884,4734839067,5546177809,6682744914,6638062120,6633055846
22,Bermuda,84466654.08,89249986.7,94149985.97,96366652.31,107566650.6,114339049,134173373.8,155102984.6,150000000,164900000,186300000,211100000,235400000,269500000,312600000,345000000,386300000,447000000,475800000,517200000,613299968,739100032,785500032,889400000,985699968,1039500032,1173500032,1296499968,1415100032,1501500032,1592400000,1634899968,1679900032,1820359936,1867160064,2030749952,2695390000,2932827000,3130748000,3324433000,3507864000,3660790000,3919849000,4168843000,4464576000,4846147000,5387377000,5860745000,6067898000,5715300000,0
23,Bhutan,0,0,0,0,0,0,0,0,0,0,0,0,0,0,0,0,0,0,0,0,0,137241595.3,144343732.3,155750843.1,161299396.6,166959855.2,188730201.3,228602423.4,261809401.9,261388751.8,281287043,243562708.4,238315817.7,227267326.6,253233784.1,286478236.5,300967232.4,342864384.2,355712835.2,396694740.6,427808817.3,455709385.9,507270767.6,610970025.7,702744043.3,818869145.8,897731525.1,1196077342,1257625055,1264816920,1516078205
24,Bolivia,563110052,612518907.2,669722540.4,721142960.4,812543073.8,908874535.9,994044552.9,1084059818,908874535.9,964615702.6,1017171717,1095454545,1257615645,1263018491,2100249875,2404697651,2732083958,3227436282,3758220890,4421343606,4537487843,5891606678,5594118401,5422656262,6169481549,5377277408,3958338768,4323623593,4597615614,4715978706,4867582765,5343259489,5643864513,5734703516,5981218963,6715164450,7396952018,7925733799,8497499276,8285061591,8397858206,8141513227,7905485150,8082396474,8773451753,9549196302,11451297466,13120517443,16675015771,17339992191,19786162178
25,Bosnia and Herzegovina,0,0,0,0,0,0,0,0,0,0,0,0,0,0,0,0,0,0,0,0,0,0,0,0,0,0,0,0,0,0,0,0,0,0,1255802465,1866572993,2786045392,3671816538,4116699576,4685729743,5505984456,5748990555,6651226179,8370020196,10022840635,10763567750,12254412802,15226731980,18500599161,17042403580,16887610020
26,Botswana,30370359.94,32921469.83,35594060.47,38145170.36,41789615.45,45919083.11,51658968.5,58868124.55,66498672.18,77768447.15,96298879.92,126993011.7,165279585.2,244164263.1,306259195.7,354932427.9,371839078.4,451603321.3,590519317.2,819877303,1061196898,1073476687,1014611679,1172151319,1241178757,1114529692,1392708926,1965157809,2643958453,3083647482,3791585992,3942012714,4145924377,4160296985,4339516122,4773730292,4800126339,5179680522,5190543764,5866964491,5632391130,6033896673,6091305297,8086707335,10048660850,10255448713,11255175568,12376435510,13473345713,11473685551,14857275330
27,Brazil,0,0,0,0,0,21790035102,27062716511,30591834045,33875881906,37458898265,42327600116,49204456712,58539008796,79279057736,1.05E+11,1.24E+11,1.53E+11,1.76E+11,2.01E+11,2.25E+11,2.35E+11,2.64E+11,2.82E+11,2.03E+11,2.09E+11,2.23E+11,2.68E+11,2.94E+11,3.3E+11,4.26E+11,4.62E+11,4.07E+11,3.91E+11,4.38E+11,5.46E+11,7.69E+11,8.4E+11,8.71E+11,8.44E+11,5.87E+11,6.45E+11,5.54E+11,5.04E+11,5.52E+11,6.64E+11,8.82E+11,1.09E+12,1.37E+12,1.65E+12,1.59E+12,2.09E+12
28,Brunei Darussalam,0,0,0,0,0,114040245.7,132758395.4,139030445.6,160819286.6,161211289.7,179080099.3,197523179.2,270818555.8,433092003.6,1073577086,1168304306,1423061357,1732721161,1941600704,2803780006,4928824958,4366213850,4264252336,3844723142,3782523088,3523612563,2358592817,2754463438,2690717551,2985467990,3520551724,3701667053,4183548189,4105706152,4087337960,4734020037,5115602837,5197332974,4051147228,4600000000,6001153318,5601090584,5843329102,6557333067,7872333197,9531402830,11470703002,12247627895,14393099069,10732435034,0
29,Bulgaria,0,0,0,0,0,0,0,0,0,0,0,0,0,0,0,0,0,0,0,0,20039628408,20056237269,19804095243,16959385327,17411160328,17562123540,20261212354,28429026656,23002459532,21746813404,20726300435,10943548724,10371900499,10831999517,9704877673,13069087677,8890314315,10053468883,13060786261,13228374665,12903546576,13868600612,15979194408,20668176666,25283228736,28895083540,33209188725,42113655820,51824867627,48568714012,47714490183
30,Burkina Faso,330442942.1,350247388,379567187.5,394040754.9,410321786.5,419846567.9,431825260.3,449198062.9,461770182.8,478760134.3,456247098.6,479323894,578177124.5,675346797.1,751772652.8,939941531.7,976426634.8,1131269492,1475687366,1748494123,1928533241,1775851758,1754376729,1600261928,1459869022,1552503402,2036338146,2369847238,2616051319,2615598479,3101309668,3135055824,2240264677,2332018011,1895306626,2379510501,2586563407,2447666540,2804910748,3014661262,2610945549,2812839821,3289645662,4270385659,5108983827,5427438071,5771194545,6766986321,8045823005,8140859746,8820312674
31,Burundi,195999989.8,202999992.3,213500006.4,232749998.1,260750008.3,158994963,165444571.4,178297142.9,183200000,190205714.3,242732571.4,252842285.7,246804571.4,304339839.6,345263492.1,420986666.7,448412753.6,547535555.6,610225555.6,782496666.7,919726666.7,969046666.7,1013222222,1082926304,987143931.2,1149979286,1201725497,1131466494,1082403219,1113924130,1132101253,1167398478,1083037671,938632612.1,925030590.3,1000428394,869033856.3,972896267.9,893770806.1,808077223.4,709062400.3,662371289.2,628096157.3,595002974,664493918.7,795882875.1,918823350.8,979785001.9,1168900171,1330790160,1610544922
32,Cambodia,637142864.5,642857135.5,660000007.3,728571435.9,782857128.2,868571428.6,914285714.3,962857135.5,1065714249,978873268.5,718401145.1,969911437.6,505549460.1,702899173.6,588443893.7,0,0,0,0,0,0,0,0,0,0,0,0,0,0,0,0,0,0,2533727592,2791435219,3441205624,3506695723,3443413332,3120425503,3517242477,3654031716,3979813388,4284028138,4658246907,5337833256,6293046162,7274424519,8639164917,10351829066,10457584204,11343440018
33,Cameroon,618740961.8,657597317,699373631,723624330.7,782384403.8,814140009.3,853268764.3,934078958.2,1053076992,1152418382,1160002329,1233991071,1430951432,1758727647,2255496517,2752770609,3076592634,3366368801,4409920571,5811443663,6740757493,7636346056,7322913600,7381853865,7801858401,8148223552,10621157923,12302473329,12493286837,11140057046,11151578703,12434368416,11396311478,13532152215,9220467286,8733227081,9732338099,9840550361,9629642600,10486456218,10075040331,9598224206,10879778069,13621809492,15775357312,16587863738,17956985511,20685921877,23735512829,22185977547,22393529278
34,Canada,41093453545,40767969454,41978852041,44657169109,48882938810,53909570342,60358632035,64768831262,70759031842,77887510242,86303952531,97473757180,1.11E+11,1.29E+11,1.58E+11,1.71E+11,2.03E+11,2.08E+11,2.15E+11,2.39E+11,2.69E+11,3.01E+11,3.08E+11,3.34E+11,3.47E+11,3.56E+11,3.69E+11,4.22E+11,4.98E+11,5.56E+11,5.83E+11,5.98E+11,5.8E+11,5.64E+11,5.64E+11,5.91E+11,6.14E+11,6.38E+11,6.17E+11,6.61E+11,7.25E+11,7.15E+11,7.35E+11,8.66E+11,9.92E+11,1.13E+12,1.28E+12,1.42E+12,1.5E+12,1.34E+12,1.57E+12
35,Cape Verde,0,0,0,0,0,0,0,0,0,0,0,0,0,0,0,0,0,0,0,0,0,0,0,0,0,0,213539850.9,259766538.1,291889409.2,295200190.8,338690985.3,351313578.3,393844570.6,363247416.9,410804606.1,490609345.1,502176380.2,506433841.3,539517920.1,583442832,531386031.9,550199630,616209203.9,797314309.7,924644653.1,999332627.4,1107887282,1331215014,1550552392,1586929006,1648089240
36,Cayman Islands,0,0,0,0,0,0,0,0,0,0,0,0,0,0,0,0,0,0,0,0,0,0,0,0,0,0,0,0,0,0,0,0,0,0,0,0,1012444041,0,0,0,0,0,0,0,0,0,0,0,0,0,0
37,Central African Republic,112155641.5,123134637.5,124482803,129379152.5,142025127.7,149453223.6,157148647.1,163223981.4,192283714.6,188227873.3,188223390.8,200183245.4,229901582.1,271184521,281399492.6,378661612.8,451153399.8,507299564.2,610580962.1,700766892.2,797050266.1,694807309.9,748315219,658681119.2,637823121.7,864853641.5,1120165774,1211766668,1282893967,1268668131,1487510977,1404323260,1434151468,1298847603,852998900.6,1121907256,1070076555,1003264949,1047204550,1051323697,959413050.6,967526420.2,1041975238,1139211629,1269621729,1350047285,1476870078,1696340453,1982983855,1980151889,2013014939
38,Chad,313642554.8,334039075.7,357703897,371837875.4,392322339.7,413899564.9,430735619.8,448273657.9,455288951.6,472090666,467058435.5,498651345.6,584369367.6,647202918.1,652534606.1,864605735.8,866046752.3,935363080.5,1113924369,1004319537,1033005118,876942247.5,834373041.1,832418069.2,919107239.1,1033074223,1067831033,1163432899,1482603366,1433692150,1738610590,1877144030,1881853364,1463316169,1179847943,1445915335,1607352991,1544687915,1744651916,1536917962,1385050964,1709344296,1987873833,2736667928,4414969334,5301938221,6099009023,7016297534,8357142857,6838983051,7587673161
39,Channel Islands,0,0,0,0,0,0,0,0,0,0,0,0,0,0,0,0,0,0,0,0,0,0,0,0,0,0,0,0,0,0,0,0,0,0,0,0,0,0,5945677377,6262740657,6439703435,6232906290,6663669065,7332244898,8553643354,8827272727,9676172953,11514605842,0,0,0
40,Chile,4211762522,4705377500,5502763243,5482749434,5794301527,6053790468,7013580346,6913560997,7074820186,8179771226,8981111664,10694569522,11532517864,16387454417,15535549706,7226476865,9857547849,13359145454,15399431310,20729772211,27572307600,32644872980,24339421605,19770402077,19232737055,16486012247,17722536671,20902096532,24640912616,28385038397,31558927517,36424168146,44467946384,47693992627,55154226760,71349202309,75769008174,82808986192,79373597080,72995286764,75210511780,68568293067,67265403373,73989608415,95652734479,1.18E+11,1.47E+11,1.64E+11,1.71E+11,1.61E+11,2.03E+11
41,China,61377930682,50100934916,46464003927,50280424169,58613239133,69709152023,75879433528,72057026116,69993499400,78718820946,91506213646,98562021764,1.12E+11,1.37E+11,1.42E+11,1.61E+11,1.52E+11,1.72E+11,1.48E+11,1.77E+11,1.89E+11,1.94E+11,2.03E+11,2.28E+11,2.57E+11,3.07E+11,2.98E+11,2.7E+11,3.1E+11,3.44E+11,3.57E+11,3.79E+11,4.23E+11,4.41E+11,5.59E+11,7.28E+11,8.56E+11,9.53E+11,1.02E+12,1.08E+12,1.2E+12,1.32E+12,1.45E+12,1.64E+12,1.93E+12,2.26E+12,2.71E+12,3.49E+12,4.52E+12,4.99E+12,5.88E+12
42,Colombia,4040948306,4552914126,4968598035,4838841458,5992169472,5790247619,5452762963,5727208180,5918467519,6405440200,7198373469,7820367893,8671371951,10315774588,12370045405,13098633902,15341403660,19470978268,23263511958,27940389361,33400712095,36388389129,38968019453,38729822782,38253120738,34894419525,34942483688,36373312083,39212545681,39540083646,40274204595,41239551378,49279585355,55802540101,81703496604,92507277798,97160111573,1.07E+11,98443743191,86186156584,1E+11,98745443240,98229102139,94916590096,1.17E+11,1.47E+11,1.63E+11,2.07E+11,2.45E+11,2.36E+11,2.88E+11
43,Comoros,0,0,0,0,0,0,0,0,0,0,0,0,0,0,0,0,0,0,0,0,123504939.6,114271518.8,107089063.4,111519324.8,107489330.7,114490238.9,162487294.8,196433030.5,207475649.4,198732313.6,250033056.6,246822116.5,266189632.4,263564577.4,185759948.9,231893813.7,230493348.3,212098229.6,215393481.9,222580743,201900820.3,220115318.9,251163102.1,324471209,362420491.2,387036433.2,403177193.6,464949228,530138454.7,535336307.7,541097513
44,Congo; Dem. Rep.,3427325564,3132154296,3721572127,6143550703,2882158383,4043901724,4532660145,3384063360,3909780525,5032434971,4877684933,5594770352,6173712809,7870239464,9596960174,10237343153,9648583220,12344424776,15372607995,15068422242,14394927493,12537821040,13651667371,11006712649,7857729193,7195042616,8095367168,7661625473,8861299977,9021862775,9349764580,9087965282,8206227134,10707792340,5820383306,5643439262,5771454884,6090840527,6217806275,4711272704,4305797176,4691816707,5547714815,5673197494,6569986940,7103539717,8543323220,9977079383,11668379642,11204139345,13145120705
45,Congo; Rep.,131756995.2,151704686.4,166552987.2,172266264.9,185729146.3,196878344.6,219563870,236578003.9,251971821.3,265295753,273666774.7,320064193.2,409926965.7,541976239.2,585366259,767105901.7,754551161.3,765226169.1,878775121.3,1198753297,1705801334,1993522982,2160648803,2097279992,2193589729,2160881982,1849273040,2297765595,2212545367,2389602756,2798754150,2724862286,2933231579,1918970178,1769380403,2115997195,2540699675,2322716604,1949481958,2353906123,3219893817,2794254065,3019985940,3495870613,4648628921,6087004330,7731262789,8343503640,11789245043,9579804345,11897620542
46,Costa Rica,507516617.3,490324267.1,479181227.2,511902566.7,542578822.5,592981156.2,647305631.4,699456618.3,773841499.8,853630203.2,984830159.7,1077152887,1238251658,1528916175,1666544795,1960863536,2412555508,3072427125,3523208934,4035519472,4831447173,2623807083,2606621245,3976453955,4593908762,4796628462,5477895476,5841132961,6063759371,6866402028,7403457319,7162546470,8573610781,9638291624,10557530522,11722356980,11843228352,12828976090,14095921303,15796567138,15946443261,16403603009,16844378718,17517535902,18596365934,19964893792,22526464348,26267157320,29663614223,29239504920,34564395711
47,Cote d'Ivoire,546203767.9,618245905,645284624.1,761047367.5,921063643.6,913094013.1,1019230047,1079184803,1284975298,1362673764,1448633504,1573990596,1848063101,2510552323,3072765041,3893710195,4661478218,6265315227,7901081618,9143004628,10174633035,8432635033,7566794298,6838113640,6841587045,6977696664,9158458238,10087539068,10255211777,9757450377,10796040440,10492662390,11153005025,11045080762,8313627828,11000111579,12139291892,11722200901,12782574028,12556439825,10417006096,10545263560,11486664325,13737489762,15481092869,16363441576,17367306797,19795696265,23414005259,23041807677,22780280530
48,Croatia,0,0,0,0,0,0,0,0,0,0,0,0,0,0,0,0,0,0,0,0,0,0,0,0,0,0,0,0,0,0,24782163174,18156461130,10240621326,10902601514,14578386962,22045607399,23341405840,23501676220,25106400616,23044198488,21492679531,23052044813,26524896398,34143409062,41003558916,44821408831,49855078905,59319467681,69911233238,63435948447,60851860677
49,Cuba,0,0,0,0,0,0,0,0,0,0,5692936975,6914575470,8135053335,9987589917,11405820587,13027259032,13789414532,14205988301,17844491331,19584208368,19912651019,20150012488,20953258998,22205449736,24039095368,22921216920,24225993413,25213311971,27458670256,27024876291,28645093044,24317592011,22085593357,22366986630,28447985651,30428273414,25017000000,25364500000,25736700000,28364900000,30565800000,31682300000,33590500000,35901100000,38203400000,42643600000,52742700000,58603800000,62704800000,0,0
50,Curacao,0,0,0,0,0,0,0,0,0,0,0,0,0,0,0,0,0,0,0,0,0,0,0,0,0,0,0,0,0,0,0,0,0,0,0,0,0,0,0,0,0,0,0,0,0,0,0,0,0,0,0
51,Cyprus,0,0,0,0,0,0,0,0,0,0,0,0,0,0,0,0,0,0,0,0,2154668652,2087496322,2159508648,2161566292,2278930565,2431111804,3091083730,3703460583,4280941089,4565103299,5589698801,5769468849,6913953329,6588738978,7428356892,9253734106,9350212550,8902508791,9555640648,9780443269,9316693766,9678423511,10558381391,13324071623,15822905640,16995655476,18424000903,21835946095,25371874081,25039094267,0
52,Czech Republic,0,0,0,0,0,0,0,0,0,0,0,0,0,0,0,0,0,0,0,0,0,0,0,0,0,0,0,0,0,0,34879966071,25572480861,29954014372,34380681377,41090290299,55257045968,62010597344,57134856184,61846680469,60192136075,56720835331,61842323433,75276073339,91357722713,1.1E+11,1.25E+11,1.43E+11,1.74E+11,2.16E+11,1.9E+11,1.92E+11
53,Denmark,6248946880,6933842099,7812968114,8316692386,9506678763,10678897387,11721248101,12788479692,13196541952,15009384585,16590533333,18515546100,22591052336,29961815026,33346568442,39593296439,43676095947,48854777452,59296231821,69160805930,69709363190,60373978718,58937160962,59204811372,57714597455,61203805066,86365467804,1.07E+11,1.13E+11,1.1E+11,1.36E+11,1.37E+11,1.5E+11,1.41E+11,1.54E+11,1.82E+11,1.84E+11,1.7E+11,1.74E+11,1.74E+11,1.6E+11,1.6E+11,1.74E+11,2.13E+11,2.45E+11,2.58E+11,2.74E+11,3.11E+11,3.41E+11,3.09E+11,3.1E+11
54,Djibouti,0,0,0,0,0,0,0,0,0,0,0,0,0,0,0,0,0,0,0,0,0,0,0,0,0,340989541.5,0,373371753,395794554.2,409220103.3,452328105,462422016.6,478058323.6,466048487.5,491689240,497723980.1,494004667.1,502675561.7,514267889.4,536080169.1,551230861.9,572417440.8,591122039.6,622044665.5,666072101.8,708843636.9,768873684,847918929.1,982534421.9,1049054417,0
55,Dominica,0,0,0,0,0,0,0,0,0,0,0,0,0,0,0,0,0,36370369.73,45170369.57,44296295.51,59099998.96,66218517.35,72051850.58,79925924.51,89848146.56,98585183.44,112074072.1,126348145.9,143766658.2,153374077.3,166322225.2,180437033.9,191759261.8,200418509.1,215459267.3,224037021.2,236444440.3,245781477.1,258440730.3,267740736,271166661.9,266151847.2,254855551.1,262833328.7,285218513.5,299255555.6,315659259.3,344366666.7,374422222.2,375748148.1,382781481.5
56,Dominican Republic,672399744,654100160,824099968,940799872,1025599872,888099968,983900032,1034800000,1079100032,1230499968,1485400064,1666400000,1987299968,2344699904,2925600000,3599300096,3951399936,4587100160,4774400000,5498800128,6631000064,7266999808,7964000256,8622000128,10330399744,5044579959,6122128260,5827050853,5374300248,6686592727,7073674722,9724379020,11277694537,12976408000,14511134921,16358496124,18131813001,19593449903,21171235998,21709041189,23996656676,24894907435,26570402719,21268012747,22039232610,34004033804,35952845583,41314666869,45498608625,46597346435,51576859661
57,Ecuador,1010325080,979108815.6,958598183,1038389646,1156150862,1237593189,1333639229,1459699786,1558747201,1738833527,1674802833,1619776520,1931926152,2594243513,3927882998,4651229549,5686725733,6925319593,7778728875,9588596390,11900704786,13974698912,13194324575,11188362806,11386458405,11840675754,10309942622,9099361934,9098361006,9527567455,10355963787,11348439540,11996750826,15063220705,18581908127,20205685541,21278200686,23647336355,23266151903,16681996554,15941641913,21250000896,24899481000,28635909000,32642225000,37186942000,41705000000,45503600000,54208500000,52021900000,58910000000
58,Egypt; Arab Rep.,4144244345,4334054779,4003322844,4160465776,4781695715,5111620995,5339520809,5579168494,6109112180,6861743625,7682492054,8266003518,8763960987,9616725511,9015166924,11437965433,13360477195,14636028524,14849909083,18150000949,22912499712,23405404412,25592366135,28137368590,30642873686,34689560502,35880262453,40507934104,35044633281,39648442465,43130415154,36970555122,41855483504,46578631213,51897983716,60159244485,67629717780,78436575744,84828807270,90710703939,99838540997,97632008051,87850680573,82923680622,78845185709,89685724889,1.07E+11,1.3E+11,1.63E+11,1.89E+11,2.19E+11
59,El Salvador,625600000,636240000,706080000,746159936,822439936,877719961.6,929520025.6,976199987.2,1009760051,1049400013,1132920013,1186119987,1263720038,1442319974,1665879962,1884120064,2328280064,2941640090,3127959962,3463639859,3573959885,3437200179,3399189150,3506347772,3661683396,3800368587,3771663198,3958045811,4189880000,4372215335,4800907895,5310996633,5954671446,6937988506,8085554286,9500491429,10315542857,11134716450,12008418171,12464655104,13134147768,13812744074,14306700000,15046700000,15798300000,17070200000,18653600000,20376700000,22106800000,21100500000,21795720979
60,Equatorial Guinea,0,0,9122751.679,10840095.29,12712471.29,64748333.33,69110000,72317446.93,67514285.71,67225714.29,66331428.57,64946954.76,65429198.24,81203226.91,94159862.71,104295643.4,103653049.9,103987520.1,0,0,0,0,0,0,0,79591332.16,98848991.08,119715252.7,127202126.1,112006699.3,132136515.3,130595413.3,154184144.9,152130369.8,125745167.4,163980056.9,259074043.4,497741982,455800102.9,872015592,1254223037,1736112613,2146760325,2952360964,5240842353,8217298404,9603185319,12574935590,18423399315,12222203056,14006505450
61,Eritrea,0,0,0,0,0,0,0,0,0,0,0,0,0,0,0,0,0,0,0,0,0,0,0,0,0,0,0,0,0,0,0,0,477101651.6,467876293.7,531688311.7,578015625,693535954.2,686494476.1,745526149.5,688921325.7,633600000,687595191.1,675480057,870232528,1109048051,1098393404,1211186992,1317983740,1380162602,1856715447,2117008130
62,Estonia,0,0,0,0,0,0,0,0,0,0,0,0,0,0,0,0,0,0,0,0,0,0,0,0,0,0,0,3990490894,4664756288,5124453537,5009758612,4784154516,3986615194,3859654598,3964933826,4353053091,4728686726,5051702327,5598168503,5705472610,5675782345,6240081240,7324477179,9845350163,12031313316,13903289150,16604835553,21383914641,23517187208,19083960203,18673908194
63,Ethiopia,0,0,0,0,0,0,0,0,0,0,0,0,0,0,0,0,0,0,0,0,0,7269140971,7649012444,8502744998,8034754138,9408755195,9773749424,10447188525,10825913264,11389270974,12082576935,13361446739,14098012281,8763557094,6875170145,7605674116,8482883273,8890826693,8069437011,7827068145,8179533779,8168590427,7789548644,8556184066,10053969882,12306605473,15164485977,19552720846,26642461516,31962250072,29717009196
64,Faeroe Islands,0,0,0,0,0,0,0,0,0,0,0,0,0,0,0,0,0,0,0,0,0,0,0,0,0,0,0,0,0,0,0,0,0,0,0,0,0,0,1105688873,1125684470,1062339944,1154899793,1268445919,1486861879,1683997930,1730894295,1970135199,2278229880,2412859693,2198138372,0
65,Fiji,112334368.4,116993977.8,122912941.2,129461581.5,140040154.3,147084750,150603925.5,162625885.9,166952937.1,182182067.7,219878482.2,247749327.7,316650509,425963354.3,558589870.9,684268314.9,694552425.1,719533150.2,829239489.8,1019743927,1202567355,1235899836,1194015410,1123107241,1177997414,1141210125,1290228617,1177908192,1109976928,1182686577,1337024782,1383843860,1531803061,1635426125,1825285158,1970347721,2129266728,2093994597,1656784780,1942170999,1684109743,1660102346,1842691481,2315935753,2727507213,3006725015,3103099942,3379863774,3565203890,2824829171,3009445285
66,Finland,5224102195,5921659485,6340580854,6885920329,7766655086,8589340019,9208524505,9368954010,8823033880,10070766720,11218177789,12373712873,14562308919,19233466843,24543963983,29111039276,31458685952,33088387192,35809386282,43918485727,52980554670,51760815652,52142592821,50249786507,52082508904,54941481197,72268355618,89987826322,1.07E+11,1.17E+11,1.39E+11,1.25E+11,1.1E+11,87322785469,1.01E+11,1.31E+11,1.28E+11,1.23E+11,1.3E+11,1.3E+11,1.22E+11,1.25E+11,1.35E+11,1.64E+11,1.89E+11,1.96E+11,2.08E+11,2.46E+11,2.7E+11,2.38E+11,2.39E+11
67,France,61552389493,66586071134,74640280632,83679144479,92771021020,1E+11,1.09E+11,1.17E+11,1.28E+11,1.4E+11,1.46E+11,1.64E+11,2.01E+11,2.61E+11,2.82E+11,3.56E+11,3.67E+11,4.05E+11,5E+11,6.05E+11,6.9E+11,6.05E+11,5.75E+11,5.5E+11,5.22E+11,5.43E+11,7.59E+11,9.18E+11,1E+12,1.01E+12,1.24E+12,1.25E+12,1.37E+12,1.3E+12,1.37E+12,1.57E+12,1.57E+12,1.42E+12,1.47E+12,1.46E+12,1.33E+12,1.34E+12,1.45E+12,1.79E+12,2.06E+12,2.14E+12,2.26E+12,2.58E+12,2.83E+12,2.62E+12,2.56E+12
68,French Polynesia,0,0,0,0,0,176534589.6,215659455,220984369.1,259590076.3,242943776.9,254035999.2,296613496.9,325843254.7,431254103,555337985.7,690319754.9,732286143.3,793193187.4,1005573294,1215031775,1362151524,1279972866,1286462643,1335895286,1378991403,1507230779,2301514717,2543199148,2687472830,2636461517,3181206305,3267367610,3558215110,3694600400,3522272321,3982374846,3954696874,3567062512,3775160797,3797016069,3447543138,0,0,0,0,0,0,0,0,0,0
69,Gabon,141469031.8,167637980.8,182796578.9,154480278.6,215679929.6,224830162.1,244679991.7,270606393.3,295317537.2,318431635.3,322278708,379244397.9,430197058,723394701.4,1545530146,2157521463,3009038413,2809459845,2389647226,3030274539,4279223852,3862289773,3617856491,3391240455,3561424387,3339936785,3403696217,3281759501,3834519069,4186428511,5952310992,5402937194,5592407751,4378645081,4190854791,4958830011,5694067051,5326811383,4483354804,4662985220,5067838984,4712839681,4931503862,6054886442,7178135733,8665738964,9545984815,11570855623,14532816810,10950127946,13011421194
70,Gambia; The,0,0,0,0,0,0,44204926.88,46702996.3,41160656.32,45168720.23,52296833.9,55717759.75,59170416.94,75205639.45,95791936.46,115182524.1,112174343.3,138094263.6,171812083.4,207158286.9,241080736,218786411,216004321.5,213414201.2,177343744.5,225719039.5,185298351.5,220638963.3,266649275.1,284067251.3,316922483.4,316778362.1,347446023.6,366381861.1,363032586.7,381945341.4,391832142.8,409636274.3,416555766.8,431935044.7,420894585.2,417921838.8,369731927.2,367172050.1,400799200.8,461032371,508301859.9,650934673.4,821917808.2,733483568.1,806523947.8
71,Georgia,0,0,0,0,0,0,0,0,0,0,0,0,0,0,0,0,0,0,0,0,0,0,0,0,0,0,0,0,0,0,7737994864,6337314652,3691110628,2701180604,2513870709,2693731880,3094915506,3510540844,3613500142,2800024342,3057453461,3219487823,3395778661,3991374540,5125763952,6411141778,7745401718,10172869674,12795044475,10766809096,11667377224
72,Germany,0,0,0,0,0,0,0,0,0,0,2.09E+11,2.42E+11,2.9E+11,3.86E+11,4.31E+11,4.75E+11,5.03E+11,5.81E+11,7.17E+11,8.53E+11,9.2E+11,7.75E+11,7.52E+11,7.46E+11,7.02E+11,7.09E+11,1.01E+12,1.26E+12,1.36E+12,1.35E+12,1.71E+12,1.81E+12,2.06E+12,2E+12,2.15E+12,2.52E+12,2.44E+12,2.16E+12,2.18E+12,2.14E+12,1.9E+12,1.89E+12,2.02E+12,2.44E+12,2.75E+12,2.79E+12,2.92E+12,3.33E+12,3.63E+12,3.33E+12,3.31E+12
73,Ghana,1217152698,1301712191,1381791710,1540270760,1730669617,2052919008,2125717555,1734263371,1666209190,1960701626,2214131704,2429084894,2125150895,2465633787,2894472084,2810106288,2765339025,3189542912,3662495575,4020227804,4445228031,4222441904,4035994542,4057275047,4412279889,4504342092,5727602711,5074830092,5195042325,5248940866,5886003649,6599578349,6412625105,5965704272,5440519991,6457441706,6925530172,6884024596,7474018854,7709811561,4977488790,5309158304,6159567360,7624164926,8871872035,10720345993,20388317032,24632480407,28526922399,26169336384,31305891329
74,Gibraltar,0,0,0,0,0,0,0,0,0,0,0,0,0,0,0,0,0,0,0,0,0,0,0,0,0,0,0,0,0,0,0,0,0,0,0,0,0,0,0,0,0,0,0,0,0,0,0,0,0,0,0
75,Greece,4446528163,5016048785,5327573508,5949478033,6680298249,7600579091,8455611127,9136711285,9915140544,11266091567,12644521250,14041680909,16248963750,21505384350,24395621818,27450514772,29978452239,34812475208,42601321707,52428039098,54687320144,50373168635,52559022806,47565521633,46209784160,46018118554,54254217235,63177798691,73386409729,76184559148,94200829815,1.01E+11,1.12E+11,1.05E+11,1.12E+11,1.32E+11,1.39E+11,1.36E+11,1.37E+11,1.34E+11,1.26E+11,1.31E+11,1.47E+11,1.95E+11,2.3E+11,2.42E+11,2.65E+11,3.11E+11,3.47E+11,3.26E+11,3.05E+11
76,Greenland,0,0,0,0,0,0,0,0,0,0,69520029.27,88570999.35,106101302.5,140153753.7,169918944.1,211192463.7,240779415.7,282269773,355987428.4,420645795,476051769,435749013.9,402403057.2,416184086.2,379371913.7,412876395.8,603016317.5,787390447.3,898607670.6,929799902.2,1018977225,1016500016,1037916105,927214127.9,1005887592,1208953359,1197515638,1072154407,1149858127,1131555107,1068024994,1086170639,1169136691,1426452030,1644951892,1702543477,1738432116,2121759848,1739579594,1267711816,0
77,Grenada,0,0,0,0,0,0,0,0,0,0,0,0,0,0,0,0,0,53322221.28,67548146.96,78314813.43,83614813.34,87888887.34,95229627.95,101211115.2,110100004,128211102.9,144011114.5,167229626.7,184533330.1,213066662.9,221070360.5,241570366.1,250914816.3,250259243,261777773.2,276296291.4,294651846.6,304940747.2,340814808.8,379629397.7,429579259.8,422328925.3,437249042.9,480225509.8,469329346.1,553861241.8,564437837.6,610316806.5,678487940.5,614844433.6,627851840.8
78,Guam,0,0,0,0,0,0,0,0,0,0,0,0,0,0,0,0,0,0,0,0,0,0,0,0,0,0,0,0,0,0,0,0,0,0,0,0,0,0,0,0,0,0,0,0,0,0,0,0,0,0,0
79,Guatemala,1043599936,1076699904,1143600000,1262800000,1299099904,1331399936,1390700032,1453500032,1610499968,1715399936,1904000000,1984800000,2101299968,2569200128,3161499904,3645900032,4365300224,5480500224,6070600192,6902600192,7878700032,8607500288,8716999680,9050000384,9470000128,9721652292,7231963340,7084399821,7841603176,8410724409,7650125576,9406097461,10440842292,11399942820,12983235119,14656917900,15781579950,17788657194,19393672244,18317089473,19290566570,18702816768,20776640958,21917582105,23965280312,27211230374,30231130543,34113106486,39136286496,37679806312,41190056306
80,Guinea,0,0,0,0,0,0,0,0,0,0,0,0,0,0,0,0,0,0,0,0,0,0,0,0,0,0,1922600899,2041538057,2384295764,2432029380,2666616177,3014890569,3284625277,3279063318,3383218923,3693753379,3869032271,3783788551,3588375984,3461282190,3112362568,2892340076,3053354384,3446417029,3666340828,2937072435,2821345794,4209331037,3778260000,4164652642,4510589866
81,Guinea-Bissau,0,0,0,0,0,0,0,0,0,0,78733538.81,78540000,87702857.14,89374185.14,98775303.64,108985752.2,112386559.1,114971282.2,122666792.3,118537824.8,110653830.7,154731919.8,165523638.9,163577519.3,138478894.6,143856252.4,130225023.3,173836468,164457624.2,213143606.2,243961622.9,257150338.2,226313574.4,236880892.4,235620756.4,253960479.2,270419113,268550722.2,206457614.5,224446335.7,215455490.3,199034150.8,203613702.2,475221954.6,522654072.4,572851536.6,578517470.2,690721455.9,846854479.4,834691371.6,878517652
82,Guyana,170216238.9,185849532.9,194949510,175757891.6,194774510.5,213235288.1,228705875.9,250176463.6,229750000,249300000,267800000,282049984,285380950.1,307047633,433954550.6,494791660.3,454439987.2,449880012.8,507079987.2,530439987.2,603200000,570357129.7,482000000,489333333.3,437631601.3,453488352,504651110.6,354591836.4,413799987.2,379779377.6,396582263.9,336708410.1,368281383.5,442273443.7,540874922.2,621626786.3,705406032.3,749138004.2,717530696.5,694754984,712667925.1,696281468.8,722460911.6,741929343,785918769.7,824880550.3,1458449635,1740335166,1922600611,2025496445,2222102182
83,Haiti,0,0,0,0,0,0,0,0,0,0,0,0,0,0,0,0,0,0,0,0,0,0,0,0,0,0,0,0,0,0,0,3476346281,2111405826,1806285587,2124933516,2695499730,2970865203,3242667331,3757500381,4088703120,3664503846,3507981946,3214632479,2826481072,3660678112,4154243481,4879740568,5971284338,6407707284,6478628513,6709802246
84,Honduras,335649984,356200000,387750016,410200000,457000000,508650000,549950016,598099984,646800016,668000032,723000000,731000000,802999968,912499968,1034500000,1124000000,1347999936,1669499968,1929499968,2251499968,2566000032,2819500000,2903500032,3076999968,3319000000,3639499936,3808500032,4152499968,3970386396,3563448320,3048896181,3068462060,3419474979,3481990761,3432356579,3911053180,4034037162,4663193916,5202215657,5372543554,7105541205,7566501476,7776438041,8233948657,8871111447,9757258851,10917599272,12392440366,13969292165,14317854032,15400341888
85,Hong Kong SAR; China,1320799747,1530754831,1724850878,1975045353,2274710597,2440893831,2498293686,2693639149,2727287816,3204798308,3811503935,4457936035,5702110575,8021762190,9373795164,10043625297,12873439354,15706134102,18297189852,22494588739,28818266930,30945568417,32192845700,29783610996,33353926836,35531125658,40911444316,50466914593,59600947989,68752307692,76887034660,88833354781,1.04E+11,1.2E+11,1.36E+11,1.44E+11,1.59E+11,1.76E+11,1.67E+11,1.63E+11,1.69E+11,1.67E+11,1.64E+11,1.59E+11,1.66E+11,1.78E+11,1.9E+11,2.07E+11,2.15E+11,2.09E+11,2.24E+11
86,Hungary,0,0,0,0,0,0,0,0,4684666743,5205833591,5542466667,6032045246,7074918567,8761333583,9603165775,10949295027,12689645219,14173861741,16573684442,19136396852,22163405825,22728019816,23145848310,21006550142,20366467191,20623320309,23756068292,26108718022,28570620031,29167601580,33056134799,33429035927,37254463739,38595683505,41521516338,44656306509,45162689435,45723577831,47049233137,48044272336,47885455754,53190345128,66502083791,84326267610,1.02E+11,1.1E+11,1.13E+11,1.38E+11,1.55E+11,1.29E+11,1.3E+11
87,Iceland,248434097,253885656.3,284916516.2,340061650.1,434267936.9,523694949.4,628893310.4,621225962.2,474399471.6,414709311.4,518902000,660321784.1,827213290.3,1137337701,1492743382,1386032934,1644755717,2175791291,2474614618,2811162828,3331325044,3441249878,3159121963,2724974072,2822006038,2939845038,3930518366,5438537482,6016168896,5588533007,6372905073,6807365898,6976080331,6126456175,6294803497,7018100153,7330965239,7422994706,8291725774,8742600398,8697298234,7922983042,8907207933,10967706062,13233600471,16301846837,16651142959,20428033904,16863767020,12094119523,12593984446
88,India,36603837769,26399913691,26502288725,30400103492,35473701820,58832423352,45301428571,49510666667,52432000000,57730666667,61193733626,66268349146,71128338762,85246069939,98763348781,97000863807,1.01E+11,1.2E+11,1.35E+11,1.51E+11,1.84E+11,1.9E+11,1.98E+11,2.15E+11,2.1E+11,2.3E+11,2.46E+11,2.76E+11,2.93E+11,2.93E+11,3.17E+11,2.68E+11,2.46E+11,2.76E+11,3.24E+11,3.56E+11,3.88E+11,4.11E+11,4.16E+11,4.5E+11,4.6E+11,4.78E+11,5.07E+11,5.99E+11,7.22E+11,8.34E+11,9.51E+11,1.24E+12,1.21E+12,1.38E+12,1.73E+12
89,Indonesia,0,0,0,0,0,0,0,5980840377,7467363479,8798957442,9656740014,9849117953,11605084560,17171181163,27227710999,32147953008,39328674730,48396143465,54298158340,55122620334,78013206038,92473878832,94715163814,85369201879,87612439197,87338874330,80060657612,75929617715,88787623310,1.01E+11,1.14E+11,1.28E+11,1.39E+11,1.58E+11,1.77E+11,2.02E+11,2.27E+11,2.16E+11,95445548017,1.4E+11,1.65E+11,1.6E+11,1.96E+11,2.35E+11,2.57E+11,2.86E+11,3.65E+11,4.32E+11,5.1E+11,5.39E+11,7.07E+11
90,Iran; Islamic Rep.,0,0,0,0,0,6154739685,6706096865,7425389720,8447898398,9482344576,10588052396,13203457893,16346614632,25789290845,44331002246,48942018417,63626810883,74816947679,73033383216,86168280190,90041228622,97085719579,1.22E+11,1.47E+11,1.53E+11,1.71E+11,1.99E+11,1.28E+11,1.16E+11,1.14E+11,1.16E+11,0,0,60088309491,67128216023,90829495171,1.11E+11,1.05E+11,1.03E+11,1.05E+11,1.01E+11,1.15E+11,1.16E+11,1.35E+11,1.63E+11,1.92E+11,2.23E+11,2.86E+11,3.38E+11,3.31E+11,0
91,Iraq,1683918720,1831479819,1954399496,1978199396,2340239147,2558946823,2772051942,2795295537,3173340354,3304396436,3591431141,4144554445,5356083106,6482501969,12996173027,16094547110,19383067724,23326476721,27701970016,39564501728,47562146134,32579844010,36776549881,37495016505,42530668954,44204431808,39991570165,43702264740,43410815201,48422432260,0,0,0,0,0,0,0,10113863358,10468730247,17942362576,25857106736,18936094868,18969591211,0,25755086059,31316963995,45080072237,56989916308,86530068729,65192699145,82150312821
92,Ireland,1939329775,2088012282,2260349684,2430843769,2766608946,2945704143,3104034393,3343636773,3278584478,3787077344,4266416553,4947971286,6131826973,7260654391,7664088315,9204258890,9175093015,10916778568,14216224628,17779345093,21106806125,20060905535,20841753595,20153938190,19513975691,20643048211,27868167225,32920661454,36659485243,38081783245,47852276158,48319942439,54270256541,50872394991,55414618701,67101825432,74057237196,81180205000,88007645411,96292879615,96754681824,1.05E+11,1.23E+11,1.58E+11,1.85E+11,2.02E+11,2.22E+11,2.59E+11,2.64E+11,2.22E+11,2.04E+11
93,Isle of Man,0,0,0,0,0,0,0,0,0,0,0,0,0,0,0,0,0,0,0,0,0,0,0,0,0,0,0,0,0,0,0,0,0,0,0,914727080.6,1023086919,1180919719,1382548250,1567465657,1563667800,1614595291,1897606791,2264911807,2758117365,2915710378,3437450712,4075664785,0,0,0
94,Israel,2887081901,3486954461,2596553912,2992170981,3405458502,3663345598,3980013325,3921085398,3959154192,4568013078,5372301095,5573108413,7173788441,9242160982,12567588804,12336986760,12475947718,13776267566,13618844019,17511335263,21780968646,23196333205,24572712049,27435501837,26042767127,24122660959,29701444276,35476344266,43892480102,44599772802,52490325648,59170288070,65771216221,65925582473,74669718187,96064819727,1.05E+11,1.08E+11,1.1E+11,1.11E+11,1.25E+11,1.23E+11,1.13E+11,1.19E+11,1.27E+11,1.34E+11,1.46E+11,1.67E+11,2.02E+11,1.95E+11,2.17E+11
95,Italy,40385288347,44842760295,50383891902,57710743063,63175417022,67978153854,73654870015,81133120070,87942231683,97085082812,1.09E+11,1.2E+11,1.4E+11,1.69E+11,1.92E+11,2.19E+11,2.17E+11,2.48E+11,3.04E+11,3.79E+11,4.6E+11,4.15E+11,4.12E+11,4.27E+11,4.22E+11,4.36E+11,6.17E+11,7.76E+11,8.59E+11,8.95E+11,1.13E+12,1.2E+12,1.27E+12,1.02E+12,1.05E+12,1.13E+12,1.26E+12,1.19E+12,1.22E+12,1.2E+12,1.1E+12,1.12E+12,1.22E+12,1.51E+12,1.73E+12,1.78E+12,1.86E+12,2.12E+12,2.3E+12,2.11E+12,2.05E+12
96,Jamaica,699064357.3,748043414.1,777727657,826706669,897948941.6,972159571.2,1096759516,1148014336,1083839096,1191239556,1404720459,1539862371,1875146657,1905861157,2375122421,2860442775,2966042882,3249733207,2644527877,2425064186,2679379401,2979027961,3293496303,3619262288,2373564501,2100239027,2754549678,3287007232,3828342820,4404938028,4592208212,4106205952,3535452386,4891215397,4938132518,5813471982,6527302708,7472532258,8742153397,8830909008,9008629729,9104515930,9676893929,9398942821,10134991342,11151727459,11989334129,12893737821,14121426277,12651603067,13994534275
97,Japan,44307342950,53508617739,60723018684,69498131797,81749006382,90950278258,1.06E+11,1.24E+11,1.47E+11,1.72E+11,2.06E+11,2.33E+11,3.08E+11,4.19E+11,4.65E+11,5.05E+11,5.68E+11,6.99E+11,9.82E+11,1.02E+12,1.07E+12,1.18E+12,1.1E+12,1.2E+12,1.28E+12,1.36E+12,2.02E+12,2.45E+12,2.97E+12,2.97E+12,3.06E+12,3.48E+12,3.8E+12,4.35E+12,4.78E+12,5.26E+12,4.64E+12,4.26E+12,3.86E+12,4.37E+12,4.67E+12,4.1E+12,3.92E+12,4.23E+12,4.61E+12,4.55E+12,4.36E+12,4.38E+12,4.88E+12,5.03E+12,5.5E+12
98,Jordan,0,0,0,0,0,599759760.1,657999736.8,631679747.3,561119775.6,698879720.4,639519744.2,678159728.7,788479684.6,943783839.7,1197483949,1363073498,1648879611,2054259917,2549856851,3266374324,3961735336,4446589778,4825925127,5036644917,5153655079,5119290466,6182314853,6525458032,6049822064,4128435577,4020267827,4193336134,5310833151,5605775322,6237267189,6727454311,6928490841,7248048123,7914118277,8151541084,8463892909,8980439920,9584232160,10197756160,11411390547,12588665468,15645466528,17765381660,22696902204,25092339119,27573536000
99,Kazakhstan,0,0,0,0,0,0,0,0,0,0,0,0,0,0,0,0,0,0,0,0,0,0,0,0,0,0,0,0,0,0,26932728899,24881135586,24906939560,23409027476,21250839258,20374307047,21035357833,22165932063,22135245413,16870817135,18291990619,22152689130,24636598581,30833692831,43151647003,57123671734,81003864916,1.05E+11,1.33E+11,1.15E+11,1.43E+11
100,Kenya,791265462.1,792959474.9,868111409.7,926589364.4,998759340.7,997919320.8,1164519674,1232559507,1353295459,1458379417,1603447359,1778391289,2107279157,2502143759,2969958812,3259346415,3474544468,4494379307,5303737169,6234390279,7265312883,6854490191,6431594078,5979205950,6191426332,6135040561,7239145307,7970816494,8355380879,8271729986,8590574252,8152105054,8220718083,5751786610,7148143144,9046331923,12045836992,13115729422,14093228425,12896050252,12691278914,12986519857,13149263399,14903634448,16096109637,18737922545,22502239913,27173670134,30031427403,29375775194,31408632915
101,Kiribati,0,0,0,0,0,0,0,0,0,0,14295279.54,15278632.48,18936526.95,31710657.73,85637174.37,55081816.99,41109627.28,38748059.44,45210026.32,42620165.44,27935549.99,29307055.85,29659194.64,29432432.43,28646774.9,21294783.16,20572860.96,23924520.38,30842253.3,29558753.76,28413863.09,47797290.48,49724297.12,48613513.78,56200396.15,57610362.17,67866700.01,69151989.76,67096993.69,70595807.35,68239320.7,63810762.05,74173806.51,93517283.95,102405530.2,108938510.7,109671822.2,127854317.3,132506609.3,128004027.8,151175994
102,Korea; Dem. Rep.,0,0,0,0,0,0,0,0,0,0,0,0,0,0,0,0,0,0,0,0,0,0,0,0,0,0,0,0,0,0,0,0,0,0,0,0,0,0,0,0,0,0,0,0,0,0,0,0,0,0,0
103,Korea; Rep.,3891849048,2357059045,2745939979,3863726949,3358134143,3017614366,3806043709,4702747059,5955336766,7475692344,8899729521,9851361083,10735574843,13691504318,19229361881,21458884298,29554752066,37926239669,51125206612,65561776860,63834351283,71469245114,76218197735,84510602643,93210997792,96619732880,1.11E+11,1.4E+11,1.87E+11,2.3E+11,2.64E+11,3.08E+11,3.3E+11,3.62E+11,4.23E+11,5.17E+11,5.58E+11,5.16E+11,3.45E+11,4.45E+11,5.33E+11,5.05E+11,5.76E+11,6.44E+11,7.22E+11,8.45E+11,9.52E+11,1.05E+12,9.31E+11,8.34E+11,1.01E+12
104,Kosovo,0,0,0,0,0,0,0,0,0,0,0,0,0,0,0,0,0,0,0,0,0,0,0,0,0,0,0,0,0,0,0,0,0,0,0,0,0,0,0,0,1849196082,2535333632,2702427047,3355083117,3639935348,3743116980,3915494726,4677361256,5641557748,5434843012,5590728477
105,Kuwait,0,0,1828179057,1900970259,2071749620,2097199075,2391198945,2441598923,2662798826,2769198779,2873638822,3880392338,4450537866,5408804503,13006948809,12022811524,13132252303,14137407257,15503557923,24749064363,28638869294,25058021180,21577153433,20871081552,21700083143,21445970693,17903989900,22368703293,20690321183,24313856915,18427778571,11009955543,19858555905,23941392355,24848484745,27191687674,31492937201,30350433060,25946185994,30120888964,37718011469,34890773740,38138801497,47875837662,59440511982,80797945205,1.02E+11,1.15E+11,1.49E+11,1.09E+11,0
106,Kyrgyz Republic,0,0,0,0,0,0,0,0,0,0,0,0,0,0,0,0,0,0,0,0,0,0,0,0,0,0,0,0,0,0,2674000000,2570833333,2316562400,2028295455,1681006993,1661018519,1827570586,1767864036,1645963750,1249062025,1369691955,1525113501,1605640633,1919012781,2211535312,2459876152,2834168889,3802566171,5139957785,4690031792,4616156122
107,Lao PDR,0,0,0,0,0,0,0,0,0,0,0,0,0,0,0,0,0,0,0,0,0,0,0,0,1757142806,2366666615,1776842041,1087273076,598961279.4,714046803.2,865559856.2,1028087947,1127806918,1327748655,1543606382,1763536299,1873671511,1747011884,1280177847,1454430642,1735155219,1768619058,1829660933,2148830164,2507094678,2738209639,3497318142,4262812789,5497625803,6095274080,7492313581
108,Latvia,0,0,0,0,0,0,0,0,0,0,0,0,0,0,0,0,0,0,0,0,0,0,0,0,0,0,0,5715853653,6827011059,7690315589,7447002857,6756418264,4848056772,4467987271,5060854731,5235719779,5585292783,6133234180,6616957681,7288524473,7833068425,8313047744,9314784080,11186452601,13761569545,16041840426,19935046397,28765687042,33669367720,25875781250,24009680460
109,Lebanon,0,0,0,0,0,0,0,0,0,0,0,0,0,0,0,0,0,0,0,0,0,0,0,0,0,0,0,0,3313539979,2717998713,2838485398,4451497337,5545921821,7535259914,9599127189,11718795352,13690217121,15751867489,17247179483,17391056437,17260364842,17649751244,19152238806,20082918740,21801658375,21838805970,22437147595,25056716418,30079601990,34924709784,39154916946
110,Lesotho,34594031.67,35714486.14,41876985.71,47059087.62,51961075.91,54901961.81,56722690.14,59285715.39,61470589.38,65994398.99,68767508.29,76503499.31,80884265.93,121181555.2,150957285.7,149459457.5,147586206.1,193218389.7,266436780.1,290142515.2,431450586.4,433940764.1,401841633.3,418043101.9,365491541.2,289905775.4,323194722.2,364214815.7,423590347.5,448661739.4,540781148.2,599015735,708187243.7,705874860.4,738211154.7,814280442.5,796081272.5,837654100.2,800117786.2,783167363.7,745832990.1,686484199.5,638601203.3,947163200.8,1234520117,1354859672,1414900687,1581173532,1600614923,1720263875,2132495561
111,Liberia,190495648,183920944,191861808,200229616,236091648,248728736,262988160,281346112,299874816,330357536,348715456,367073408,398324608,420610272,527513248,619815296,650468736,745332352,805785472,911578432,953588224,934974208,958028288,911066112,934120256,934974208,926435520,972800000,1038300032,786300032,384400000,348000000,223500000,160400000,132200000,134800000,159400000,295900000,359600012.5,441800017.8,560900012.2,543000031.7,559300023.6,410200003.6,459999996.2,530200009.3,611859674.7,734933279.2,842507277.6,879464612.6,986201593.7
112,Libya,0,0,0,0,0,0,0,0,0,0,0,0,0,0,0,0,0,0,0,0,0,0,0,0,0,0,0,0,0,0,28904898118,31992732972,33887047909,30660051911,28610549763,25541379187,27884615385,30700897875,27251534530,30484399896,33896600871,28420321952,19842519685,24062500000,33384615385,44000000000,56484375000,71803278689,93167701863,62360446571,0
113,Liechtenstein,0,0,0,0,0,0,0,0,0,0,90099360.77,104889797.8,124940284.9,165928854,193980461.9,246389070.1,272489354.1,303493105.4,436912093.1,503173087.2,534699256.8,511647837.1,522096760.5,524023708.3,502620920.7,529073612.5,779357947,1052849231,1161757671,1119983791,1421508901,1484160640,1631176617,1673085623,1948128896,2428524750,2504013004,2298390584,2479698579,2664105901,2483890594,2491800559,2688617885,3070803431,3454374261,3658356378,3988775844,4602346923,4929414915,4826167676,0
114,Lithuania,0,0,0,0,0,0,0,0,0,0,0,0,0,0,0,0,0,0,0,0,0,0,0,0,0,0,0,0,0,0,10506695074,10287023246,8562311027,7424597884,6958636950,7904895791,8426600000,10128700000,11254050000,10971375000,11434200000,12159225000,14163949142,18608709857,22551543054,25962254181,30088510798,39103973051,47252926429,36846183172,36306384146
115,Luxembourg,703925706,704145671.4,741509480.8,791140595.8,903158754,921600736.3,968440149.5,974721762.6,1066447131,1234878981,1445415079,1505903368,1885582449,2587759470,3156658534,3096865778,3394573898,3757210141,4678553926,5470231178,5968793351,5010840298,4563316140,4485879258,4400823750,4538423976,6628940636,8250389325,9338357510,9952613718,12670503211,13716986285,15387195182,15790566791,17551791415,20676382047,20581889251,18516801985,19353856413,21187726401,20269578036,20198926174,22578863166,29158352144,34091250551,37659180222,42552321358,51312004029,58071556744,52890560858,55095629139
116,Macao SAR; China,0,0,0,0,0,0,0,0,0,0,0,0,0,0,0,0,0,0,0,0,0,0,1021660188,1016581147,1182700833,1222079187,1376068113,1786736373,2087120613,2478802699,2990177409,3464968017,4581209814,5280251271,5868533724,6567039082,6398039390,6513395734,6186444077,5916989915,6101795437,6187141346,6823847935,7924786815,10250791553,11507945226,14211125553,18598613721,21564640136,21736141479,0
117,Macedonia; FYR,0,0,0,0,0,0,0,0,0,0,0,0,0,0,0,0,0,0,0,0,0,0,0,0,0,0,0,0,0,0,4471828622,4694744807,2316618515,2550194959,3381270267,4449375526,4422159849,3735312201,3571043202,3673288166,3586883989,3436961385,3791306758,4629520342,5368441930,5814726241,6373113830,8159825620,9834028813,9276517780,9118253200
118,Madagascar,673066569.4,699146200.6,739270260.8,759328765,802464114.7,833544680.5,900244274.9,956415356.5,1031646364,1056366717,1111832487,1199478949,1339130400,1653027530,1917462942,2282998619,2181791170,2358874792,2669694888,3463485034,4042043932,3594792625,3526116842,3511496135,2939421710,2857827399,3258214585,2565584503,2442446703,2497998767,3081403412,2653082107,3024385657,3370770572,2977008504,3159853283,3994890763,3545686958,3738620506,3717416630,3877575177,4529469041,4397127092,5473940630,4363835956,5038577100,5515222624,7342683288,9394736596,8487968572,8720543554
119,Malawi,162960159.3,174580170.7,183120179,190820186.5,194740190.4,229458615.9,260398429.3,269811233.7,245160987.8,265801071,290521170.6,365391327.4,406083145.6,444303395.1,548621021.5,613199377.4,670310291.5,806264032.5,948983446.9,1058294953,1237655511,1237685696,1180092986,1223228537,1208026082,1131347781,1183673867,1183072719,1379924236,1590204039,1880785391,2203538071,1799527046,2070646320,1181801220,1397457934,2281034089,2663348222,1750585420,1775921700,1743506520,1716502772,2665159242,2424655976,2625187647,2755429811,3116942711,3458333169,4074143554,4727486011,5106263007
120,Malaysia,2441020462,2422724545,2543810831,2708474919,2899751388,3187851274,3392767687,3515850936,3667209742,4050763016,4276665286,4514334715,5364357955,8150688760,10100863611,9890359225,11753574870,13975278668,16658322459,21602645098,24937045114,25463038429,27287163523,30682563370,34565849169,31772244237,28243103020,32181695659,35271881996,38848565930,44024178270,49133852000,59151288903,66894450252,74480816088,88832452512,1.01E+11,1E+11,72175310308,79148423191,93789738019,92783948533,1.01E+11,1.1E+11,1.25E+11,1.38E+11,1.57E+11,1.87E+11,2.22E+11,1.93E+11,2.38E+11
121,Maldives,0,0,0,0,0,0,0,0,0,0,0,0,0,0,0,0,0,0,0,0,42463576.16,44781456.95,47935843.79,57829787.23,109503546.1,127154929.6,141902097.9,141268980.5,168610478.4,189535398.2,215089005.2,244468292.7,284853358.6,322326642.3,355884383.1,398988955,450382328,508223603.2,540096400.2,589239757,624337143.6,625066369.3,640703125,692421875,776484375,749765625,915390625,1054375000,1260234375,1318671875,1479781250
122,Mali,0,0,0,0,0,0,0,274543557.4,344763095.3,340241834.9,359772473.6,430096738.4,485737716.2,563686693.7,538748846.6,830714117.6,939229970.8,1049841480,1222707240,1595427838,1787342745,1493659030,1327383915,1294461581,1311347871,1313690787,1678332703,1931555358,1947802225,2007792924,2421179436,2422848181,2846471288,2677991266,1762717929,2466152468,2619098933,2475182970,2596836147,2570426031,2422469641,2629733712,3342815644,4362442243,4874185884,5305318991,5866095675,7146284975,8738080883,8964687644,9251388617
123,Malta,0,0,0,0,0,0,0,0,0,0,250728829.1,264578308.9,295106775,345616069.5,376081181.8,474618292.7,527936892.8,625563347.4,793673674.5,1001288245,1250199056,1243509858,1234474742,1165730173,1101807301,1117797225,1435038037,1751293216,2019503791,2118655300,2547330284,2750215016,3021944632,2709194766,2998504392,3574740685,3671847265,3633453447,3809843649,3907960071,3893057246,3850924289,4233007168,4994073518,5607279374,5959813557,6462031685,7547856389,8413230936,7987432157,0
124,Marshall Islands,0,0,0,0,0,0,0,0,0,0,0,0,0,0,0,0,0,0,0,0,0,27152000,30564000,36543000,39513000,38406000,49007000,55130000,61874000,63721000,68691000,72218800,79709200,87059000,94595000,105239000,97037000,92184200,95657000,95360000,107573000,110480000,119286000,123788000,133300000,138600000,144600000,151000000,152000000,152800000,155800000
125,Mauritania,90624640.07,107142430.7,109820993,111829919.9,150445834.2,172767216.5,180340662.9,191221779.1,210695179.1,199643446.3,209348253.1,227051048.7,265009394.5,333731869.4,414772334.1,475916537.9,524407926.6,540635401.4,544424588.4,644070347.8,709041435,747994654.5,750214454.5,788371864.7,726937312.3,683193891.6,802890733.1,909820553.1,957377480.2,981529425.2,1019600783,1130247028,1464392409,1249945002,1315932678,1415296645,1442598430,1401946882,1222433072,1194629188,1081168278,1121565583,1149656448,1285179087,1547861048,1857837742,2699180938,2837528881,3588611732,3027018189,3636296936
126,Mauritius,0,0,0,0,0,0,0,0,0,0,0,0,0,0,0,0,706988627.7,827093630.3,1019634978,1216227805,1136544231,1147187568,1082934402,1094857360,1044926097,1080643202,1469050658,1888752207,2143480497,2191101651,2653485952,2856889162,3224265824,3263363788,3558143642,4040342060,4421952121,4187375888,4169672974,4291171396,4582562398,4536544699,4767303153,5609931858,6385579078,6283845864,6507112280,7791974522,9641036888,8865125545,9728729229
127,Mayotte,0,0,0,0,0,0,0,0,0,0,0,0,0,0,0,0,0,0,0,0,0,0,0,0,0,0,0,0,0,0,0,0,0,0,0,0,0,0,0,0,0,0,0,0,0,0,0,0,0,0,0
128,Mexico,13056164925,14153954349,15221053213,16936337668,20070134741,21829715344,24337233447,26556372081,29363632834,32515754314,35541711470,39200879416,45178119327,55271303176,71976542927,88003982689,89023916067,81825780564,1.03E+11,1.35E+11,1.94E+11,2.5E+11,1.74E+11,1.49E+11,1.76E+11,1.84E+11,1.29E+11,1.4E+11,1.83E+11,2.23E+11,2.63E+11,3.14E+11,3.64E+11,4.03E+11,4.22E+11,2.87E+11,3.33E+11,4.01E+11,4.21E+11,4.81E+11,5.81E+11,6.22E+11,6.49E+11,7E+11,7.6E+11,8.49E+11,9.52E+11,1.04E+12,1.1E+12,8.83E+11,1.04E+12
129,Micronesia; Fed. Sts.,0,0,0,0,0,0,0,0,0,0,0,0,0,0,0,0,0,0,0,0,0,0,0,106500000,0,0,112210000,116700000,124700000,135200000,147200000,166200000,178100000,198400000,202500000,221192336.9,218710317,202827971,213109914.7,213221020.1,225912798.2,230577191.9,235070329.6,238132902.9,239100000,248300000,251300000,255700000,261800000,276500000,287383040
130,Moldova,0,0,0,0,0,0,0,0,0,0,0,0,0,0,0,0,0,0,0,0,0,0,0,0,0,0,0,0,0,0,3592856080,3094567110,2319243407,2371812924,1702314353,1752995314,1695130484,1930071445,1639497207,1170785048,1288420223,1480656884,1661818168,1980901554,2598231467,2988172424,3408454198,4402495921,6054806101,5439439764,5808796184
131,Monaco,0,0,0,0,0,0,0,0,0,0,293073868,327651488,402460333.2,523552815.1,563939670.7,711922994.2,735339911.9,811250927.4,1000535735,1209898293,1378130996,1205166026,1143229072,1092551781,1037314956,1082851077,1515209588,1839095595,2000674667,2010116851,2481316054,2480497548,2737066956,2574439973,2720297739,3130270919,3137848783,2840182192,2934578789,2906009308,2647883820,2671401083,2905973022,3588988601,4110348444,4280072626,4663488363,5974371696,6581080163,6108770906,0
132,Mongolia,0,0,0,0,0,0,0,0,0,0,0,0,0,0,0,0,0,0,0,0,0,2310099115,2552401920,2725736619,2098734592,2186505472,2896178859,3020611584,3204461568,3576966795,2560785663,2379018323,1317611863,768401665.8,925817089.5,1452165053,1345719435,1180934217,1124440238,1057408608,1136896162,1267997923,1396555772,1595297301,1992066759,2523359941,3395917892,4234894168,5623236708,4583834427,6083047865
133,Montenegro,0,0,0,0,0,0,0,0,0,0,0,0,0,0,0,0,0,0,0,0,0,0,0,0,0,0,0,0,0,0,0,0,0,0,0,0,0,0,0,0,984279596.4,1159891560,1284504509,1707662608,2073255525,2257181943,2695897629,3668857104,4519731947,4141382328,4003707165
134,Morocco,2037154692,2025693478,2379611070,2657252502,2798345226,2948325264,2876395613,3046339295,3271415868,3651615453,3956328426,4356633663,5074117545,6242177798,7675408486,8984824183,9584323309,11049896742,13236854105,15912133569,18820809836,15280300833,15423825336,13941571864,12751251348,12869611448,16994563068,18745983477,22198388384,22847197924,25820725668,27836559831,28450632467,26801064631,30351265892,32986182670,36638763639,33414747560,40021694631,39734023743,37020609825,37724674865,40416114690,49822651702,56948015336,59523857868,65637107776,75226318359,88882967742,91374705225,91196031840
135,Mozambique,0,0,0,0,0,0,0,0,0,0,0,0,0,0,0,0,0,0,0,0,3526287700,3532095548,3615042149,3237799681,3372752281,4458200974,5243429413,2353866232,2093392107,2314103817,2463238803,2695475825,1968901450,2027650518,2162771442,2246791389,3178648857,3751832732,4240336763,4448023242,4248747769,4075057669,4201325196,4666190666,5697991419,6578515376,7096128501,8030015310,9891264915,9787997622,9586185528
136,Myanmar,0,0,0,0,0,0,0,0,0,0,0,0,0,0,0,0,0,0,0,0,0,0,0,0,0,0,0,0,0,0,0,0,0,0,0,0,0,0,0,0,0,0,0,0,0,0,0,0,0,0,0
137,Namibia,0,0,0,0,0,0,0,0,0,0,0,0,0,0,0,0,0,0,0,0,2168626434,1950821521,1803245473,1928911229,1625454151,1355068269,1527332245,1934647328,2128464418,2169536505,2350307519,2492290811,2837643854,2846613962,3251945056,3503088568,3491458823,3635229631,3398703829,3385824194,3908501441,3546869555,0,4934391534,6605804205,7261676364,7980502216,8805815603,8967523025,9182440406,12170331922
138,Nepal,508334421.5,531959569.3,574091108,496948970.4,496098771.8,735267082.7,906811947.8,841974025.4,772230298.9,788641969,865975308.6,882765470,1024098810,972103604.4,1217953570,1575789286,1452789369,1382400000,1604162506,1851250005,1945916587,2275583317,2395425212,2447174839,2581215830,2619913976,2850780937,2957252079,3487009700,3525228046,3627559252,3921476085,3401211581,3660041667,4066775510,4401104418,4521580381,4918691917,4856255044,5033642384,5494252208,5595578231,6050875807,6330476435,7273933993,8130258976,9074827536,10277619342,12572606353,12896793335,15701058166
139,Netherlands,12276734172,13493833740,14647057370,15891241386,18699380731,21000586933,22867203317,25087562181,27817605743,31503868835,35352164120,41293859649,50674951936,66940722056,79171243545,93227605437,1.02E+11,1.19E+11,1.45E+11,1.66E+11,1.81E+11,1.52E+11,1.47E+11,1.42E+11,1.33E+11,1.33E+11,1.86E+11,2.27E+11,2.43E+11,2.39E+11,2.95E+11,3.03E+11,3.36E+11,3.27E+11,3.51E+11,4.19E+11,4.18E+11,3.87E+11,4.03E+11,4.11E+11,3.85E+11,4.01E+11,4.38E+11,5.38E+11,6.1E+11,6.38E+11,6.78E+11,7.83E+11,8.73E+11,7.95E+11,7.83E+11
140,New Caledonia,0,0,0,0,0,159594493.5,164206537.6,180036768.9,215507164,263108834.5,358815681.9,413634335.3,505892512.9,542294864.8,637400199.1,816647865.8,798310509.6,837616756.5,846007597.7,1047225130,1182457143,972563810.2,904619629.8,823832940.5,796018978.5,854823821.7,1201262518,1488113532,2072735787,2185072798,2529310104,2653781596,2923764926,3070161471,3038727617,3628440275,3606968434,3291489841,3158806480,3056999988,2682347064,0,0,0,0,0,0,0,0,0,0
141,New Zealand,5485854792,5670064168,6077496268,6638937283,7274144351,5654463586,5863733231,5961418094,5180597621,5761588762,6436653634,7840999388,9474061376,12666640991,13780632529,12699545335,13437154940,15230212314,18263102080,20412221106,22870183208,23980076488,23685986052,23833591082,21251303324,24195751652,29979793943,39502748641,44217132451,42996230710,44503568894,41820222974,40744409331,45827934439,54263384779,62795370404,68870620813,64924816050,55199814253,57698043178,51599748518,52872980328,65463945931,86737675644,1.02E+11,1.11E+11,1.11E+11,1.38E+11,1.18E+11,1.27E+11,0
142,Nicaragua,223854666.7,240524723.4,265291588.7,292916241.1,341973758.9,564290020.4,607140010.5,657140010.8,692859984.6,750000002.9,778569938.9,828569953.5,878570045.4,1092900015,1521400012,1581599959,1836899999,2226999874,2127699979,1567599982,2144300006,2474700227,2454499872,2753100058,3117599872,2683699935,2885799994,3851200118,2630900096,1013199987,1009455502,1488804124,1792800000,1756454281,2977433036,3191142098,3320533491,3383442174,3572495062,3742404742,3936327817,4102656987,4026408421,4102111946,4466767106,4872941602,5230337507,5661593169,6372242897,6213677112,6551182431
143,Niger,449612635.9,485877943.9,531837975.1,586406649.4,582927569.6,668494983.1,698954450.1,663289467.6,643062890.5,626471836.7,646858207.8,689130081.3,741437062.7,946390128.1,1026139959,1048695337,1064519802,1291461653,1774372352,2109284052,2508531310,2170905022,2017619909,1803104463,1461248898,1440587947,1904101969,2233017711,2280365526,2179575990,2480680484,2327993643,2344994702,1606581744,1563220458,1880797333,1987780224,1845597711,2076743693,2018190753,1798365123,1945323584,2170481509,2731417756,3052898739,3405135477,3645126126,4290510300,5369911346,5259368130,5548814098
144,Nigeria,4196174380,4467287732,4909399025,5165590042,5552931029,5874422512,6366792664,5203135937,5200895982,6634187316,12545849083,9181769912,12274416018,15162871287,24846641318,27778934625,36308883249,36035407725,36527862209,47259911894,64201788077,59918536009,49763409962,34950458716,28182543199,28407930899,20210788382,23441334769,22847726915,23843508697,28472471051,27313352202,32710369046,21352759382,23663389441,28108826038,35299150000,36229368992,32143818182,34776040200,45983600313,47999775243,59116847821,67656023324,87845420492,1.12E+11,1.47E+11,1.66E+11,2.07E+11,1.69E+11,1.94E+11
145,Northern Mariana Islands,0,0,0,0,0,0,0,0,0,0,0,0,0,0,0,0,0,0,0,0,0,0,0,0,0,0,0,0,0,0,0,0,0,0,0,0,0,0,0,0,0,0,0,0,0,0,0,0,0,0,0
146,Norway,5163271598,5632460937,6066976683,6510239503,7159202706,8058681060,8696460205,9514496703,10159934137,11063065083,12729983620,14476679091,17219877964,22341912657,26875823601,32565956877,35575735361,41069784916,46015298628,52547737999,63714366699,62867322938,61850635265,60779973686,61098572566,64257200019,77202861509,92447792208,1E+11,1.01E+11,1.18E+11,1.2E+11,1.28E+11,1.18E+11,1.25E+11,1.49E+11,1.6E+11,1.58E+11,1.51E+11,1.59E+11,1.68E+11,1.71E+11,1.92E+11,2.25E+11,2.59E+11,3.02E+11,3.37E+11,3.88E+11,4.46E+11,3.79E+11,4.14E+11
147,Oman,44234654.05,45634493.27,56273199.14,59912759.28,61872522.43,63279972.09,67759970.11,107151836.8,188879842.4,239999799.7,256319786.1,301014924.5,366883549.3,483066990.4,1645917657,2096699074,2560220086,2741169985,2740301334,3733352667,5981760089,7259120022,7554719229,7932541574,8821443172,10005645467,7324167384,7811183252,8386215932,9372171727,11685045608,11341482539,12452275788,12493108041,12918855771,13802600905,15277763468,15837451381,14085373243,15710148340,19867880550,19949284975,20049414986,21542262852,24673602280,30905071771,36803641389,41901170689,60566970579,46866060196,0
148,Pakistan,3707055834,4054599105,4233095505,4540529029,5130407637,5884712000,6466610634,7403821780,8090088419,8632927109,10027088677,10602058000,9309109504,6324884160,8773030764,11340000683,13338485498,15126060232,17820101315,19707980060,23689697676,28100606600,30725972228,28691890865,31151825048,31144920867,31899072715,33351526336,38472741071,40171021120,40010425587,45451961234,48635242274,51478354558,51894795658,60636071684,63320170084,62433340468,62191955814,62973855719,73952374970,72309738921,72306820396,83244801093,97977766198,1.1E+11,1.28E+11,1.43E+11,1.64E+11,1.62E+11,1.75E+11
149,Palau,0,0,0,0,0,0,0,0,0,0,0,0,0,0,0,0,0,0,0,0,0,0,0,0,0,0,0,0,0,0,76888000,83855000,82451000,75907000,83527000,95237000,108203000,113213000,117320000,113485000,119863000,124656000,119455000,122728000,133560000,145428000,156614000,164289000,166394363.5,164691982.8,169665680.7
150,Panama,415800032,463700032,504800032,559500032,600800000,659900032,719000000,800700032,861400000,945400000,1016300032,1146700032,1260000000,1441200000,1647100032,1844800000,1959299968,2077400064,2463000064,2819099904,3810300000,4312700000,4764700000,4891900000,5106300000,5402000000,5613700000,5638300000,4874500000,4887500000,5313200000,5842300000,6641400000,7252700000,7733900000,7906100000,9322100000,10084000000,10932500000,11456300000,11620500000,11807500000,12272400000,12933200000,14179300000,15464700000,17137000000,19794000000,23001600000,24080100000,26777100000
151,Papua New Guinea,230496033,244832035,261184037.4,275968039.5,305312043.7,344159480.3,390973233.3,441706905.6,485160819.8,551237325.6,645537157.6,717716139.6,858802050.3,1299105286,1467346106,1356591219,1511856630,1640763164,1947947479,2293621894,2545982960,2498068351,2368584970,2562492487,2552526259,2423373084,2648033799,3143848336,3655979666,3546460177,3219730365,3787352287,4377984100,4974662910,5502648500,4636113480,5155485420,4936605080,3789428160,3477060138,3521348155,3081029666,2999542369,3536459120,3927114457,4901584516,5598700444,6329292929,8010370370,7914594203,9480047959
152,Paraguay,0,0,0,0,0,443586495,465884923.9,492677770.2,517653162.7,556293623.9,594609493.3,664571448.9,769039668.8,995531759.7,1333476206,1511420619,1698960335,2092158781,2559857225,3416777874,4578785508,5781301411,5420588092,5603424508,4392449744,3162899921,3544259671,3732934092,3951333337,4363188572,5264595869,6248792635,6445510898,6874792180,6940688924,8065811598,8744408796,8872095650,7915133553,7292038449,7071265939,6445764901,5045545609,5551643681,6949760483,7473231062,9275210016,12222355341,16873155276,14239629907,18474738676
153,Peru,2503708501,2822764382,3199617471,3505470788,4241381119,5026099956,5947054339,6029751897,5583979280,6250645607,7235141852,8069766829,8945736420,10702842298,13490954944,16413418809,15519319139,14230997983,12162093075,15542640785,20661220078,24966849817,24817438679,19129866511,19845514734,18838400476,17977500454,23905267271,12375610634,20576647135,26294371425,34544482513,36084008139,34834667902,44909998632,53674086051,55876101187,59222879292,56751679594,51509515206,53290390318,53935760985,56772338815,61346725170,69725009965,79385073422,92303809836,1.07E+11,1.27E+11,1.27E+11,1.54E+11
154,Philippines,6684685511,7257047654,4399815070,4875248020,5271360643,5784398850,6371486693,6809047600,7591602924,8408265264,6687223656,7408296134,8017418383,10082910551,13781190370,14893969269,17097658630,19648040091,22706283655,27502354651,32450398740,35646642136,37140164100,33212130823,31408478618,30734266462,29868363901,33195974365,37885485203,42575217415,44311595230,45417505303,52976363148,54368183872,64084543195,74119868202,82848194395,82344374414,72207022472,82995145601,81026294681,76261998623,81357657790,83908205720,91371236939,1.03E+11,1.22E+11,1.49E+11,1.74E+11,1.68E+11,2E+11
155,Poland,0,0,0,0,0,0,0,0,0,0,0,0,0,0,0,0,0,0,0,0,0,0,0,0,0,71004758668,73890473474,63877404753,68823925668,82211436909,58975894567,76427193689,84325431462,85850630506,98515947588,1.39E+11,1.57E+11,1.57E+11,1.73E+11,1.68E+11,1.71E+11,1.9E+11,1.98E+11,2.17E+11,2.53E+11,3.04E+11,3.42E+11,4.25E+11,5.29E+11,4.31E+11,4.69E+11
156,Portugal,3193200403,3417516638,3668222356,3905734458,4235608176,4687464054,5135387846,5740241165,6354262628,6969025825,7991335635,9068943958,11077078651,14873000818,17259905919,19068667373,20039688064,21130423834,23148983485,26238988197,32422240288,31516247850,30087624899,26846926837,24854392933,26724868773,38187288246,47488254476,55534872368,59720485460,77579013528,87947086666,1.06E+11,93639961863,98251393659,1.16E+11,1.21E+11,1.15E+11,1.23E+11,1.26E+11,1.17E+11,1.2E+11,1.32E+11,1.61E+11,1.85E+11,1.91E+11,2.01E+11,2.32E+11,2.52E+11,2.34E+11,2.29E+11
157,Puerto Rico,1691899776,1865099904,2088899712,2326999808,2570399744,2881999872,3169799936,3550000128,3986899968,4460700160,5034599936,5646700032,6328999936,7002299904,7684800000,8198400000,8968599552,9910899712,11164999680,12750000128,14436100096,15955699712,16764199936,17276600320,19162599424,20289200128,21969399808,23878000640,26178400256,28266799104,30603800576,32287000576,34630402048,36922499072,39690600448,42647330816,45340798976,48186998784,54086402048,57841000448,61044899840,67897098240,0,0,0,0,0,0,0,0,0
158,Qatar,0,0,0,0,0,0,0,0,0,0,301791311.8,387700072.4,510259928.9,793884362.6,2401403164,2512783991,3284301435,3617580064,4052000453,5633000409,7829094485,8661263504,7596703007,6467582126,6704395622,6153296280,5053021815,5446428538,6038186868,6487911901,7360439208,6883516285,7646153766,7156593446,7374450565,8137911748,9059340117,11297801802,10255494737,12393131511,17759889598,17538461033,19363735706,23533790531,31675273812,43040108650,60496701553,80750821849,1.11E+11,98313183980,0
159,Romania,0,0,0,0,0,0,0,0,0,0,0,0,0,0,0,0,0,0,0,0,0,0,0,0,0,0,0,38067565161,40424526826,41450779109,38299106120,28846858763,25090303817,26361161948,30072623842,35477055619,35333677695,35285888482,42115494069,35592337083,37052636395,40180746113,45824529874,59507345650,75489440362,98913392472,1.23E+11,1.69E+11,2E+11,1.61E+11,1.62E+11
160,Russian Federation,0,0,0,0,0,0,0,0,0,0,0,0,0,0,0,0,0,0,0,0,0,0,0,0,0,0,0,0,0,5.07E+11,5.17E+11,5.09E+11,4.6E+11,4.35E+11,3.95E+11,3.96E+11,3.92E+11,4.05E+11,2.71E+11,1.96E+11,2.6E+11,3.07E+11,3.45E+11,4.3E+11,5.91E+11,7.64E+11,9.9E+11,1.3E+12,1.66E+12,1.22E+12,1.48E+12
161,Rwanda,119000023,122000015.4,125000007.7,128000000,129999994.9,148799979.5,124525702.6,159560017.9,172200017.9,188700037.1,219900006.4,222872787.7,246455155.4,290317203.3,308918598.3,568397274.6,666415343.8,771542426.3,873007462.3,1035868205,1163184014,1320982376,1410577394,1507165403,1588378078,1715332718,1943621558,2151682623,2395578495,2410194296,2584367370,1911970651,2037982630,1971348322,753636370.6,1293447630,1382334846,1851557081,1989343579,1931185216,1734921293,1674685046,1640603017,1846148216,2088892750,2581168602,3111203756,3741050578,4712306077,5261963315,5627667377
162,Samoa,0,0,0,0,0,0,0,0,0,0,0,0,0,0,0,0,0,0,0,0,0,0,108006925.4,99668848.77,97298513.65,85156795.76,89947043.68,99540468.21,118518518.7,109494843.3,112058888.2,111908236,117883207.8,118613703.6,197000394.5,200357402.8,222670196.5,254361347.2,240113812.9,230621434.5,245617503,243336183.7,256677700.1,301905953,374507187.9,412220560.3,441660283.5,493164717.1,578899186.5,496485298.1,565203177.9
163,San Marino,0,0,0,0,0,0,0,0,0,0,0,0,0,0,0,0,0,0,0,0,0,0,0,0,0,0,0,0,0,0,0,0,0,0,0,0,0,0,0,853373879.7,773907642.4,815205233.1,879957209.9,1122981525,1317357835,1375416604,1469075398,1687653983,1899809580,0,0
164,Sao Tome and Principe,0,0,0,0,0,0,0,0,0,0,0,0,0,0,0,0,0,0,0,0,0,0,0,0,0,0,0,0,0,0,0,0,0,0,0,0,0,0,0,0,0,76460459.6,90713554.54,97993841.02,106764516.4,113808429.6,124185330.7,143497348.6,170904224.8,189961808.3,196806609.6
165,Saudi Arabia,0,0,0,0,0,0,0,0,4187777707,4485777636,5014444260,6797048700,9230601616,14441807079,44990986123,46528882433,63838242167,74028820450,80087657404,1.12E+11,1.64E+11,1.84E+11,1.53E+11,1.29E+11,1.19E+11,1.04E+11,86961925508,85695864946,88256073926,95344461902,1.17E+11,1.31E+11,1.36E+11,1.32E+11,1.34E+11,1.42E+11,1.58E+11,1.65E+11,1.46E+11,1.61E+11,1.88E+11,1.83E+11,1.89E+11,2.15E+11,2.5E+11,3.16E+11,3.57E+11,3.85E+11,4.76E+11,3.73E+11,4.35E+11
166,Senegal,792985587.1,836662900.8,857599973.4,886567081.5,939336465.2,948907244.8,980268225.3,981218558.1,1037288190,984570174.3,1020010095,1051348942,1278034142,1471908195,1658306123,2235776924,2266865428,2320783726,2591131247,3226702880,3503275491,3176788511,3109547861,2774170020,2705515376,2962219552,4189931947,5040650946,4985122973,4913038779,5716744853,5617174599,6004926101,5678880069,3877229737,4879192245,5065832119,4672258968,5058224887,5150798887,4691828357,4877598732,5333863902,6871327280,8040528593,8702730298,9378279041,11334237877,13210074065,12790851244,12954023882
167,Serbia,0,0,0,0,0,0,0,0,0,0,0,0,0,0,0,0,0,0,0,0,0,0,0,0,0,0,0,0,0,0,0,0,0,0,0,0,0,21380951576,16204161184,17632705913,6082791506,11390468619,15107552529,19675596592,23710517391,25234408773,29221081587,39385398650,48856609868,41653965783,39128329377
168,Seychelles,12012049.43,11592047.7,12642052.02,13923057.29,15393063.34,15603048.37,16443050.97,16632042.47,16074016.07,16452016.45,18432018.43,21993345.42,30645140.14,36896300.82,43134511.29,47803145.95,49279675.64,64500260.36,85566712.26,127308472.8,147357222.8,153889518.8,147759494.8,146712886.6,151313170.5,168887618,207858774.5,249267412,283826531.5,308375194,368584758.9,375018939.4,433658727.1,473914075.6,487009901,508234503.5,503060037.1,562954169.8,608358684.5,622976165.1,614879764.8,622262057.2,697518248.2,705704816,699800000,883818181.8,967806221.4,1018952363,920991413.9,788102778.1,936609214.5
169,Sierra Leone,322009478.1,327834752.4,342721625.6,348546926,371848127.8,359379856.2,375479849.8,348795303,329860135,408690163.3,434410366.4,419549387,465381103.6,575230251.3,648590625.9,679335916.4,594895649.2,691777759.3,960728331.3,1109374711,1100685875,1114830500,1295361912,995104288.4,1087471849,856890497.1,490181456.6,701307601.9,1055083946,932974412.4,649644826.8,779995081.7,680034040.8,768817621.1,911912391.3,870768008.5,941753014,850231278.7,672381683.3,669392528.5,635876870.1,805663721.3,935823725.6,991113463.1,1096030169,1239397078,1422009798,1663712059,1954828246,1856392962,1905015045
170,Singapore,649592148.1,745379362.4,751691053.2,847568542.1,855382996.5,974186784.2,1095902965,1237415176,1425020122,1659044471,1919496192,2270331437,2950257778,4227568424,5260723586,5786825836,6066358056,6693982243,8047818555,9702330274,12045805431,14322924992,15812376371,17934691696,19446732039,18464101331,18732060163,21551879961,26478402922,31405070268,38835478888,45184799282,52011315967,60473080791,73235405801,87063233833,95180444907,99297095552,85013628374,84880320953,94308601813,87701014386,90640573370,95956606174,1.13E+11,1.25E+11,1.45E+11,1.77E+11,1.89E+11,1.83E+11,2.23E+11
171,Sint Maarten (Dutch part),0,0,0,0,0,0,0,0,0,0,0,0,0,0,0,0,0,0,0,0,0,0,0,0,0,0,0,0,0,0,0,0,0,0,0,0,0,0,0,0,0,0,0,0,0,0,0,0,0,0,0
172,Slovak Republic,0,0,0,0,0,0,0,0,0,0,0,0,0,0,0,0,0,0,0,0,0,0,6106406926,6130945239,5750481090,5827019554,7874148638,9480149423,10073854642,9769581998,11716492830,13119169442,14271366596,16250533390,19833225850,25240261438,27268441065,27021853404,29258362233,29924856169,28700755482,30295516779,34613485790,45804232506,56032071021,61285897276,69057257559,84241814947,98463512524,87641512386,89034490066
173,Slovenia,0,0,0,0,0,0,0,0,0,0,0,0,0,0,0,0,0,0,0,0,0,0,0,0,0,0,0,0,0,0,17381802758,12673485227,12522536279,12673039187,14385505626,20814335344,21007770977,20271553550,21592759564,22157534733,19887999964,20389746602,23070243206,29058085347,33724037047,35751727925,38951918416,47314863050,54642842411,49158599387,47762955727
174,Solomon Islands,0,0,0,0,0,0,0,25203524.03,28084252.76,28606411.4,0,50056882.82,40606712.05,55272108.84,84539332.28,74617096.48,83099107.91,93147039.25,111022090,151270207.9,168715353.1,187313261.3,188446092.1,180219397.5,252806783.4,232306861.2,210737869.7,238606299.6,310684273.7,332286760.9,302515026.9,320355090.6,378778047.2,410923236.2,464756638.5,519334096.7,565163750.6,567919502.8,471177008.1,482214092.3,435101217.2,400464593,341663053.7,332736306.5,375109694.5,413909879.3,456735444.9,586218381,645796657.5,601299089.8,678625481.7
175,Somalia,180460950.4,191660990.9,203533070.7,216147150,229531201.9,243725900.2,257375899.4,271781889.3,286719887.9,300230021.5,316147885.3,331104597,416940946.6,507028439.3,467577426.6,710850217.9,807275799,498550866.2,564986077.5,590419864,603592653.9,699112246.5,774419565.9,733901342,788307226.8,876404615,930318731.6,1009792743,1038291312,1092393020,917044254,0,0,0,0,0,0,0,0,0,0,0,0,0,0,0,0,0,0,0,0
176,South Africa,7342225763,7720688702,8246257299,9148862186,10042897173,10971132728,11950067831,13331016545,14421234897,16229906620,17854214223,19764722341,20642357922,28439129199,35728951878,36947549491,35475201163,39400151512,45328402075,55936738909,80710215085,86830012489,80086547270,86013096940,85171208724,67066232217,79501624654,1.04E+11,1.15E+11,1.25E+11,1.12E+11,1.2E+11,1.31E+11,1.3E+11,1.36E+11,1.51E+11,1.44E+11,1.49E+11,1.34E+11,1.33E+11,1.33E+11,1.18E+11,1.11E+11,1.68E+11,2.19E+11,2.47E+11,2.61E+11,2.86E+11,2.75E+11,2.83E+11,3.64E+11
177,South Sudan,0,0,0,0,0,0,0,0,0,0,0,0,0,0,0,0,0,0,0,0,0,0,0,0,0,0,0,0,0,0,0,0,0,0,0,0,0,0,0,0,0,0,0,0,0,0,0,0,0,0,0
178,Spain,12072126076,13834300572,16138545210,19074913949,21343844645,24756958697,28721062244,31647119229,31475548481,36038711599,39801889589,45264830491,57414244318,76354550600,94447579060,1.11E+11,1.15E+11,1.29E+11,1.56E+11,2.08E+11,2.26E+11,1.97E+11,1.9E+11,1.66E+11,1.67E+11,1.76E+11,2.44E+11,3.09E+11,3.65E+11,4.03E+11,5.21E+11,5.6E+11,6.13E+11,5.1E+11,5.15E+11,5.97E+11,6.22E+11,5.73E+11,6.01E+11,6.18E+11,5.81E+11,6.09E+11,6.86E+11,8.84E+11,1.04E+12,1.13E+12,1.23E+12,1.44E+12,1.59E+12,1.46E+12,1.41E+12
179,Sri Lanka,1419629929,1454342131,1458609620,1241387714,1321840726,1698319328,1751470588,1859465021,1801176471,1965546218,2296470588,2369308600,2553936348,2875625000,3574586466,3791298146,3591319857,4104509583,2733183857,3364611432,4024621900,4415844156,4768765017,5167913302,6043474843,5978460972,6405210564,6682167120,6978371581,6987267684,8032551173,9000362582,9703011636,10338679636,11717604209,13029697561,13897738375,15091930836,15794972847,15656342016,16330810304,15746224410,17102623876,18881765437,20662525941,24405791045,28267410543,32351184234,40715249700,42067965895,49551751283
180,St. Kitts and Nevis,12366635.58,12483301.96,12541635.15,12833301.08,13416632.95,13593932.43,14469078.29,16742338.59,14600000,15850000,16300000,19624746.42,22944848.51,24196018.48,31514856.72,33364054.13,30095602.18,29888888.36,34259258.65,39888888.18,47999999.15,56555554.56,59925924.87,59666665.61,70037035.8,77999998.62,94148146.49,108185183.3,126666664.4,143259256.7,159200364.6,164574444.5,181815558.3,198341104.6,221740748.7,230740736.7,245555551.2,275089909.1,287324365.9,305008729.1,326203986.9,342746455.6,351318064,362654126.5,399585548.5,438718510.8,487137028.4,513233324.3,570140740.7,526214814.8,526007407.4
181,St. Lucia,0,0,0,0,0,0,0,0,0,0,0,0,0,0,0,0,0,0,0,103444442.6,133414812.5,152244441.8,143588880.4,154503701,197088885.4,189166669.3,225777773.8,242385180.9,273977784.8,311511105.6,397192573.7,431470356.8,477996270.1,492029620.9,517566663.5,560811083.4,566370360.4,604411088.6,657529594.3,692507395.2,707525925.5,687048136,705003691.3,738214801.8,799237022.9,858055540.4,930935634.9,957841412.2,986073137,954222222.2,931955555.6
182,St. Martin (French part),0,0,0,0,0,0,0,0,0,0,0,0,0,0,0,0,0,0,0,0,0,0,0,0,0,0,0,0,0,0,0,0,0,0,0,0,0,0,0,0,0,0,0,0,0,0,0,0,0,0,0
183,St. Vincent and the Grenadines,13066633.83,13999964.81,14524963.49,13708298.88,14758296.24,15108295.36,16099959.54,15835088.4,15350000,16650000,18450000,20051648.11,27585488.22,30165373.24,32924215.75,33237149.31,32792487.63,36537036.39,46599999.18,54511110.15,60307406.34,74799998.68,85448146.64,94044442.78,103499992.2,112881479.5,127974065.9,142329621.2,164574077.1,177296293.2,198207403.9,212492582.9,233188878.8,238774063.9,243255557.2,266481488.6,281518501.7,293070365.2,317851822.5,331866660.8,339014808.8,349459253.1,370055549,386954849.8,420633353.1,445566734.4,497902361.6,555281481.5,583870370.4,585381481.5,561611111.1
184,Sudan,1126145487,1222805281,1328199482,1351199831,1388175106,1446869603,1484348063,1607265926,1677627786,1847501420,2100229735,2276428653,2470285802,3061428681,3938571569,4798285885,5982285928,7460428837,8074210266,8401977028,7617171645,9538009463,9254390431,8465262541,10044297796,12459352088,15966649370,20631192466,15510324099,15295634989,12408648108,11379222223,7031931224,8881004944,12793795322,13830459816,9018315171,11681198236,11250216339,10682045000,12366140066,13362328043,14975626178,17780302167,21684761535,27386699507,36393186004,46533234127,58032057416,54633362294,62045783133
185,Suriname,99530187.82,104356015.2,109764827.5,116658270.8,128165018.4,147042449.1,181456639.3,210462127.8,233952861.6,247580668.8,262102969,287329439,322240901.5,342072834.6,412997205.5,521008411.7,566386563.7,718207294.5,824089719.1,877310938.5,890644202,996134469.8,1025378168,990028027.1,968235309.7,978431388.3,998319343.8,1097871166,1300728312,551341439.8,399075061.9,438220953.2,404600009,435194019,604950779.6,693609699.9,859987492.6,929607506.1,944999985.9,885444152.7,892164328.2,763465547.3,1078402171,1271049475,1484318751,1793410616,2132482916,2419307832,3065318761,3251876138,0
186,Swaziland,35076892.13,43025971.02,45928018.54,54129458.52,64980584.94,70279576.07,76859536.38,74759549.05,79799518.65,105419364.1,112137760.9,136465323.1,146741250.8,221902015.5,264312000.4,288302912.8,272539099.1,304047838.8,340616376.1,411995245.7,542580227,575584182.4,539630625.9,556273172.6,507294315.4,367384477.8,452393040.4,584422016.3,695870589.2,698585171.5,1114982000,1158222660,1285751428,1358867202,1420166989,1698967931,1613812746,1718172156,1562195984,1534888918,1489618181,1290582262,1174110116,1795877963,2281533677,2523979486,2669670498,2949751597,2836875999,2936025585,3645267040
187,Sweden,14835244823,16138747703,17502494032,18944202473,21126354099,23248262275,25288467733,27449356965,29128298599,31632929868,35423217941,38653762549,45523654444,55242233563,61387439936,77077248218,83099855711,87848776851,97123581208,1.15E+11,1.32E+11,1.21E+11,1.06E+11,97745366615,1.02E+11,1.06E+11,1.41E+11,1.72E+11,1.94E+11,2.04E+11,2.45E+11,2.58E+11,2.67E+11,2.02E+11,2.18E+11,2.54E+11,2.76E+11,2.53E+11,2.55E+11,2.59E+11,2.47E+11,2.27E+11,2.51E+11,3.15E+11,3.62E+11,3.71E+11,3.99E+11,4.63E+11,4.86E+11,4.04E+11,4.58E+11
188,Switzerland,9522746719,10712712465,11879982759,13063643796,14480556572,15346741670,16480058705,17740013179,18942729779,20524886616,22862556670,27473929631,33696818815,45317097510,52224871916,59873510286,62626779765,66888000874,93542957271,1.05E+11,1.1E+11,1.01E+11,1.03E+11,1.03E+11,98108414761,99475324412,1.43E+11,1.79E+11,1.93E+11,1.87E+11,2.38E+11,2.41E+11,2.51E+11,2.44E+11,2.7E+11,3.16E+11,3.05E+11,2.65E+11,2.73E+11,2.68E+11,2.5E+11,2.55E+11,2.79E+11,3.25E+11,3.63E+11,3.72E+11,3.91E+11,4.34E+11,5.02E+11,4.92E+11,5.24E+11
189,Syrian Arab Republic,857704420.5,945244981,1110565862,1200447418,1339494289,1472036544,1342287560,1580229793,1753746377,2245011583,2140383710,2589851698,3059682165,3239488092,5159557171,6826980768,7633528922,7696011371,9275203109,9929682189,13062421028,15518199245,16298905403,17589184546,17503082977,16403544517,13293209274,11356215714,10577042354,9853396225,12308624284,12981833333,13253565901,13695962017,10122020000,11396706587,13789560878,14505233970,15200846139,15873875969,19325894913,21099833784,21582248882,22396829913,25012613861,28859003831,33332825024,40404985983,52581935484,53934534351,59102566138
190,Tajikistan,0,0,0,0,0,0,0,0,0,0,0,0,0,0,0,0,0,0,0,0,0,0,0,0,0,0,0,0,0,0,2629395066,2535545389,1909246641,1646693875,1346074461,1231523105,1043893063,921843115.8,1320126665,1086567368,860550294.3,1080774006,1221113795,1554125543,2076148710,2312319579,2830236054,3719497371,5161336170,4978154344,5640410959
191,Tanzania,0,0,0,0,0,0,0,0,0,0,0,0,0,0,0,0,0,0,0,0,0,0,0,0,0,0,0,0,5100405824,4420165053,4258741085,4956597378,4601414688,4257702335,4510845977,5255236879,6496158707,7683883940,9345191091,9697835544,10185767294,10383580744,10805631195,11659118661,12825801581,14141919722,14331230929,16825553272,20715098399,21368198378,23056525009
192,Thailand,2760764762,3034053581,3308912930,3540403471,3889130444,4388937645,5279230813,5638461435,6081009422,6695336560,7086538430,7375000025,8177872959,10838593716,13702998650,14882770240,16985208712,19779312337,24006567107,27371650355,32353514503,34846038519,36589772335,40042798314,41797647302,38900711298,43096774496,50535445681,61667254411,72250747142,85343189320,98234713407,1.11E+11,1.25E+11,1.44E+11,1.68E+11,1.82E+11,1.51E+11,1.12E+11,1.23E+11,1.23E+11,1.16E+11,1.27E+11,1.43E+11,1.61E+11,1.76E+11,2.07E+11,2.47E+11,2.73E+11,2.64E+11,3.19E+11
193,Timor-Leste,0,0,0,0,0,0,0,0,0,0,0,0,0,0,0,0,0,0,0,0,0,0,0,0,0,0,0,0,0,0,0,0,0,0,0,0,0,0,0,0,316200000,277300000,284100000,297800000,309300000,331915908.8,326812745.5,397567776.2,497918858.2,598000000,701000000
194,Togo,121151181.8,126420591.5,132262679.1,143283123.4,166135763.1,185940578.3,215107826.1,230906662.1,242654498,267990796.1,252781422.9,284703816.5,335434863.5,406825246.1,560914755.6,617301197.6,619298688.6,777465722.2,824321926.4,891782609.1,1136299083,962352274.5,821617676.8,765738538,718143550,762364797,1060929848,1249084964,1378853113,1352955225,1628432255,1602293605,1692964166,1233508156,982632621.2,1309378704,1465311925,1498949402,1587350761,1576092231,1329110396,1328031239,1476122552,1758946963,2061009613,2115154593,2202809611,2523461504,3163383040,3156613950,3153400897
195,Tonga,0,0,0,0,0,0,0,0,0,0,0,0,0,0,0,32506767.9,30036429.18,34139376.8,41567471.67,44667002.01,53260077.43,62242013.33,62068161.07,60863963.96,64248354.54,60058663.31,68195855.61,81667133.45,106657267.4,106344855,113563821.6,132201141.4,137066290.6,138489884.4,193770730,202544669.4,219586403.7,212148825.4,188683876,194664218.9,188628160.9,165865871,180853022.9,207622052.8,238546865.5,259662952.1,294944991.5,305069407.5,348011965.6,326082104.2,357480587.6
196,Trinidad and Tobago,535673224.3,584964599.1,619322827.4,678239308.7,711897538.7,736573167.4,723739866.3,761981451.3,758899968,779200000,821849984,896763389.1,1083392324,1308786082,2042002020,2442667523,2500420784,3138666542,3562333298,4602416457,6235874739,6849166235,7989791256,7799749663,7756166518,7375999752,4794361300,4797750172,4496806454,4323035497,5068070430,5362823409,5532117353,4584646145,4947205982,5329214155,5759537848,5737751324,6043710211,6808976089,8154315708,8824873156,9008273516,11235960523,12884712296,15982284589,18370220924,21738492063,27132936508,19623019763,20398239271
197,Tunisia,0,866155455.6,880027760.8,1026737632,1025866811,991047619,1040952381,1085714286,1214666667,1289904762,1439238095,1685152605,2237570219,2730787476,3545852329,4328933304,4508139372,5109919571,5968474422,7188899277,8743054698,8428513568,8133538743,8350545840,8254573073,8410185740,9017795297,9696739314,10096292842,10101862386,12290568182,13074782609,15497286296,14608946896,15632463424,18030876599,19587322786,18897006963,19812681128,20798853482,19443277158,19988392299,21047411856,24992239038,28129265355,28967848882,30962208866,35619594067,40844817791,43522180256,44290655120
198,Turkey,13995124535,8017479301,8919043238,10351885925,11172953082,11945722171,14119135235,15664673413,17500000000,19466666667,17086956522,16256619964,20431095406,25724381625,35599913836,44633707243,51280134554,58676813687,65147022486,89394085658,68789289566,71040020140,64546332581,61678280115,59989909458,67234948265,75728009963,87172789528,90852814005,1.07E+11,1.51E+11,1.51E+11,1.59E+11,1.8E+11,1.31E+11,1.69E+11,1.81E+11,1.9E+11,2.69E+11,2.5E+11,2.67E+11,1.96E+11,2.33E+11,3.03E+11,3.92E+11,4.83E+11,5.31E+11,6.47E+11,7.3E+11,6.15E+11,7.35E+11
199,Turkmenistan,0,0,0,0,0,0,0,0,0,0,0,0,0,0,0,0,0,0,0,0,0,0,0,0,0,0,0,2368660561,2988678841,3049945191,3232066837,3197224007,3200539816,3179225949,2561118608,2482228440,2379281768,2450084970,2605688065,2450686660,2904662605,3534771969,4462028989,5977440583,6838351088,8104355717,10277598152,12664165103,17017140631,18476842105,21074000000
200,Turks and Caicos Islands,0,0,0,0,0,0,0,0,0,0,0,0,0,0,0,0,0,0,0,0,0,0,0,0,0,0,0,0,0,0,0,0,0,0,0,0,0,0,0,0,0,0,0,0,0,0,0,0,0,0,0
201,Tuvalu,0,0,0,0,0,0,0,0,0,0,0,0,0,0,0,0,0,0,0,0,0,0,0,0,0,0,0,0,0,0,0,0,0,0,0,11610697.39,12278541.16,12567987.37,13809433.14,15509925.06,17823324.91,20668617.85,20402781.69,18044012.24,19275460.5,16843978.83,16114283.35,18282479.25,22907951.83,25592939.88,26575637.47
202,Uganda,423145688.9,441667041,449158317.3,516315650.9,589247477.6,884502338.7,925381522.4,967240686.6,1037379286,1168556667,1259554850,1417191702,1490970307,1701817912,2098945010,2359555556,2447300000,2936470588,2420260870,2139025000,1244610000,1337300000,2177500000,2240333333,3615647464,3519695203,3923244143,6269521859,6508931651,5276480933,4304399516,3321729208,2857457786,3220439178,3990430537,5755818793,6044585327,6269333313,6584815847,5998563258,6193246632,5840503703,6178563467,6336696289,7940362663,9237336678,9977209199,11916019463,14440830267,15803499657,17010765767
203,Ukraine,0,0,0,0,0,0,0,0,0,0,0,0,0,0,0,0,0,0,0,0,0,0,0,0,0,0,0,64087694038,74703517903,82707004266,81456431292,77464043753,73942294099,65648559195,52549555010,48213868185,44558077827,50150399813,41883241480,31580639053,31261527363,38009344577,42392896031,50132953288,64883060726,86142018069,1.08E+11,1.43E+11,1.8E+11,1.17E+11,1.38E+11
204,United Arab Emirates,0,0,0,0,0,0,0,0,0,0,0,0,0,2852638575,7855320702,9924520473,12857757637,16168370323,15598522461,20869824430,29625344051,32917187644,30823481151,27852355894,27688096363,27020969430,21674206574,23798958315,23728135786,27453282090,33653227968,33919640390,35412694053,35745300972,38268046815,42806864571,47993462224,51209479653,48500477900,55193466519,70591424756,68676925039,75284685609,88578899739,1.04E+11,1.33E+11,1.63E+11,2.08E+11,2.61E+11,2.3E+11,0
205,United Kingdom,72328047042,76694360636,80601939635,85443766670,93387598814,1.01E+11,1.07E+11,1.11E+11,1.05E+11,1.13E+11,1.25E+11,1.41E+11,1.62E+11,1.83E+11,1.98E+11,2.36E+11,2.27E+11,2.57E+11,3.25E+11,4.22E+11,5.42E+11,5.15E+11,4.91E+11,4.66E+11,4.39E+11,4.64E+11,5.7E+11,7.01E+11,8.51E+11,8.59E+11,1.01E+12,1.06E+12,1.09E+12,9.81E+11,1.06E+12,1.16E+12,1.22E+12,1.36E+12,1.46E+12,1.5E+12,1.48E+12,1.47E+12,1.61E+12,1.86E+12,2.2E+12,2.28E+12,2.44E+12,2.81E+12,2.66E+12,2.17E+12,2.25E+12
206,United States,5.21E+11,5.39E+11,5.8E+11,6.12E+11,6.57E+11,7.12E+11,7.81E+11,8.25E+11,9.01E+11,9.73E+11,1.02E+12,1.11E+12,1.23E+12,1.37E+12,1.49E+12,1.62E+12,1.81E+12,2.01E+12,2.28E+12,2.54E+12,2.77E+12,3.1E+12,3.23E+12,3.51E+12,3.9E+12,4.18E+12,4.43E+12,4.7E+12,5.06E+12,5.44E+12,5.75E+12,5.93E+12,6.26E+12,6.58E+12,6.99E+12,7.34E+12,7.75E+12,8.26E+12,8.74E+12,9.3E+12,9.9E+12,1.02E+13,1.06E+13,1.11E+13,1.18E+13,1.26E+13,1.33E+13,1.4E+13,1.43E+13,1.4E+13,1.46E+13
207,Uruguay,1243993176,1549623556,1709221321,1538971682,1974511146,1889185075,1808775748,1598149807,1593701209,2004342742,2137241935,2807342742,2189502775,3964295673,4090252474,3538292267,3667161241,4114664911,4910255623,7181180175,10163020116,11048335541,9178802451,5102281489,4850241442,4732017873,5880112947,7367494222,8213515459,8438951476,9298839655,11206193313,12878157306,15002144584,17474578502,19297663097,20515465834,23969746851,25385928196,23983945191,22823255806,20898788420,13606494599,12045627411,13686333822,17362872710,19802235564,23876761050,31176899891,31322414682,40265470149
208,Uzbekistan,0,0,0,0,0,0,0,0,0,0,0,0,0,0,0,0,0,0,0,0,0,0,0,0,0,0,0,0,0,0,13360607991,13800157749,12953800571,13099928532,12899074347,13350461533,13948892216,14744603774,14988971211,17078465982,13760374488,11401351420,9687951055,10134453435,12030023548,14307509839,17030896203,22311393928,27917519211,32816828373,38981605338
209,Vanuatu,0,0,0,0,0,0,0,0,0,0,0,0,0,0,0,0,0,0,0,119258829.4,113423182.2,98746408.99,98144643.75,110123776.8,135553759.4,123698508.8,118691400.8,130834146.2,148545377.9,144482170.5,158397406.3,188869985.2,196142588,188080372.4,219260343.3,233902114.7,245177629.3,255890215.7,271052988.8,276932016.3,280776470.8,267003871,271626880.5,324750468.9,376357455.9,406432100.8,448572250.6,544563540.9,619283529.1,616110011,728953084.2
210,Venezuela; RB,8607600069,8923366628,9873397859,10663375514,9113580696,9602944668,10096574670,10472776744,11470909285,11927570677,12993115056,14471557938,15922867181,19445932860,29087099933,31413164179,36272315695,42337056975,46507640231,55750554789,67135122864,75498829319,76693647866,78586503426,55952339080,57935742247,58915108094,45343793676,58428404474,42142303739,47027508385,51734363024,58470358476,58107555298,56529904239,74888742184,68258588863,85837385779,91338542542,97974136437,1.17E+11,1.23E+11,92889586976,83622191419,1.12E+11,1.46E+11,1.83E+11,2.27E+11,3.11E+11,3.26E+11,3.88E+11
211,Vietnam,0,0,0,0,0,0,0,0,0,0,0,0,0,0,0,0,0,0,0,0,0,0,0,0,0,14094688428,26336617864,36658108169,25423812494,6293304847,6471740486,9613369554,9866990096,13180954014,16286434094,20736163915,24657470332,26843701137,27209601996,28683658005,31172517272,32506754577,35075432959,39541252948,45439397789,52931104516,60933124863,71111309691,90273764946,97146622928,1.04E+11
212,Virgin Islands (U.S.),24200000,25700000,36900000,41400000,53800000,66500000,84100000,115400000,173800000,211300000,219000000,257000000,307100000,351600000,395400000,399800000,440000000,461800000,512900000,606700032,727800000,821800000,832600000,916899968,985400000,990400000,1035600000,1147800064,1204600064,1343900032,1564700032,1671200000,1770899968,1996000000,0,0,0,0,0,0,0,0,0,0,0,0,0,0,0,0,0
213,West Bank and Gaza,0,0,0,0,0,0,0,0,0,0,0,0,0,0,0,0,0,0,0,0,0,0,0,0,0,0,0,0,0,0,0,0,0,0,2828493967,3220099898,3361387739,3701277959,3944403662,4168899307,4113261233,3332382199,2832538290,3144395543,3606871948,4015865744,0,0,0,0,0
214,Yemen; Rep.,0,0,0,0,0,0,0,0,0,0,0,0,0,0,0,0,0,0,0,0,0,0,0,0,0,0,0,0,0,0,4827824503,5083703648,5755079583,4900925402,3794476777,4236297071,5793813888,6936303759,6318571350,7467832877,9441473355,9459570744,9902721941,11006776814,13873381757,16736795898,19081645677,21656550140,26917363956,26365156990,0
215,Zambia,698739691.8,682359699,679279700.4,704339689.3,822639637.2,1061193599,1238992526,1340631913,1573730462,1926388380,1788744238,1653226944,1872462656,2434242684,2910800494,2441647354,2663757210,2515067143,2810564386,3353586561,3883923701,4008142070,3871158775,3320520925,2719501333,2252484416,1664402681,2265245103,3728889527,3994585268,3288381745,3376791604,3182810920,3273505270,3346574627,3477642089,3270303737,3910384000,3237203900,3131338936,3237716325,3636936436,3716091409,4373861968,5439176260,7178556949,10702206686,11541428666,14640794798,12805027606,16192857209
216,Zimbabwe,1052990384,1096646620,1117601632,1159511745,1217137959,1311435825,1281749476,1397001995,1479599898,1747998819,1884206350,2178716264,2677729443,3309353601,3982161446,4371300709,4318372004,4364382098,4351600474,5177459391,6678868224,8011373807,8539700674,7764066989,6352125901,5637259335,6217523684,6741215095,7814784052,8286322699,8783816666,8641481701,6751472201,6563813295,6890674989,7111270669,8553146597,8529571573,6401968164,6772312401,6606515169,6759128010,6291329827,5658028911,5671234226,5583363612,5203343320,5018218226,4416000000,5836000000,7474000000
